,city_ascii,country,beer_pub
1,,United Kingdom,4.17
2,Aberdeen,United Kingdom,5.07
3,Aberystwyth,United Kingdom,3.58
4,Acton,United Kingdom,6.26
5,Airdrie,United Kingdom,3.43
6,Aldershot,United Kingdom,4.47
7,Alloa,United Kingdom,4.92
8,Altrincham,United Kingdom,3.52
9,Amblecote,United Kingdom,4.1
10,Andover,United Kingdom,5.51
11,Ansty,United Kingdom,5.22
12,Arbroath,United Kingdom,4.35
13,Armagh,United Kingdom,4.14
14,Ashford,United Kingdom,6.85
15,Augher,United Kingdom,4.25
16,Aviemore,United Kingdom,4.02
17,Aylesbury,United Kingdom,4.47
18,Bagshot,United Kingdom,5.36
19,Bailiwick Of Jersey,United Kingdom,5.42
20,Balloo,United Kingdom,4.77
21,Bangor,United Kingdom,4.92
22,Barnard Castle,United Kingdom,2.61
23,Barnsley,United Kingdom,3.73
24,Barnstaple,United Kingdom,4.84
25,Barrow-in-Furness,United Kingdom,1.64
26,Barton Up[on Humber,United Kingdom,5.22
27,Basildon,United Kingdom,4.41
28,Basingstoke,United Kingdom,4.92
29,Bath,United Kingdom,4.84
30,Bathgate,United Kingdom,2.98
31,Bebington,United Kingdom,5.81
32,Beccles,United Kingdom,3.87
33,Bedford,United Kingdom,4.47
34,Belfast,United Kingdom,4.77
35,Belper,United Kingdom,4.47
36,Beverley,United Kingdom,5.07
37,Bewdley,United Kingdom,4.17
38,Bexhill,United Kingdom,4.77
39,Bexleyheath,United Kingdom,4.51
40,Bicester,United Kingdom,4.84
41,Biddulph,United Kingdom,4.25
42,Birkenhead,United Kingdom,2.91
43,Birmingham,United Kingdom,4.38
44,Blackburn,United Kingdom,3.95
45,Blackpool,United Kingdom,3.95
46,Bloxwich,United Kingdom,3.65
47,Boat Of Garten,United Kingdom,5.51
48,Bolsover,United Kingdom,3.87
49,Bolton,United Kingdom,4.47
50,Bonnyrigg,United Kingdom,4.32
51,Borehamwood,United Kingdom,4.98
52,Bournemouth,United Kingdom,4.43
53,Bradford,United Kingdom,4.05
54,Brentwood,United Kingdom,5.66
55,Bridgend,United Kingdom,1.49
56,Bridlington,United Kingdom,2.97
57,Bridport,United Kingdom,4.17
58,Brighton,United Kingdom,5.22
59,Bristol,United Kingdom,4.47
60,Bromley,United Kingdom,4.99
61,Broughty Ferry,United Kingdom,4.54
62,Buckie,United Kingdom,4.47
63,Buckley,United Kingdom,5.22
64,Burgess Hill,United Kingdom,5.33
65,Burnham,United Kingdom,4.77
66,Burnley,United Kingdom,3.28
67,Burton Upo Trent,United Kingdom,4.62
68,Burton-on-Trent,United Kingdom,2.97
69,Bury,United Kingdom,3.73
70,Bury St Edmunds,United Kingdom,1.48
71,Cadgwith,United Kingdom,6.71
72,Caernarfon,United Kingdom,4.32
73,Caerphilly,United Kingdom,4.47
74,Caersws,United Kingdom,3.58
75,Cambridge,United Kingdom,5.6
76,Camden Town,United Kingdom,5.22
77,Canley,United Kingdom,4.47
78,Canterbury,United Kingdom,5.07
79,Cardiff,United Kingdom,4.47
80,Carlisle,United Kingdom,3.5
81,Carmarthen,United Kingdom,5.66
82,Catswhiskers,United Kingdom,3.95
83,Chatteris,United Kingdom,4.1
84,Chelmsford,United Kingdom,3.87
85,Cheltenham,United Kingdom,4.62
86,Chester,United Kingdom,4.47
87,Chester-le-Street,United Kingdom,4.25
88,Chichester,United Kingdom,5.07
89,Child Okeford,United Kingdom,4.92
90,Chingford,United Kingdom,5.51
91,Chipping Norton,United Kingdom,4.25
92,Chislehurst,United Kingdom,7.3
93,Clacton-on-Sea,United Kingdom,3.73
94,Claygate,United Kingdom,6.33
95,Clydebank,United Kingdom,4.25
96,Cockermouth,United Kingdom,4.47
97,Colchester,United Kingdom,4.4
98,Coventry,United Kingdom,3.73
99,Coverack,United Kingdom,6.26
100,Cranleigh,United Kingdom,5.74
101,Crewe,United Kingdom,4.02
102,Crouch End,United Kingdom,5.66
103,Croydon,United Kingdom,2.97
104,Cury,United Kingdom,5.81
105,Cwm Scwt,United Kingdom,9.69
106,Darlington,United Kingdom,3.16
107,Dartford,United Kingdom,6.78
108,Dartford Holiday Inn Express,United Kingdom,5.74
109,Daventry Town,United Kingdom,4.62
110,Derby,United Kingdom,4.69
111,Derry,United Kingdom,5.07
112,Dewsbury,United Kingdom,4.62
113,Dogs Bollocks,United Kingdom,4.28
114,Doncaster,United Kingdom,5.22
115,Dorking,United Kingdom,5.96
116,Douglas,United Kingdom,5.22
117,Dumfries,United Kingdom,3.75
118,Dundee,United Kingdom,4.35
119,Dunfermline,United Kingdom,4.62
120,Durham,United Kingdom,3.13
121,East Grinstead,United Kingdom,4.77
122,Eastleigh,United Kingdom,2.91
123,Edinburgh,United Kingdom,5.59
124,Egham,United Kingdom,5.36
125,Elgin,United Kingdom,3.58
126,Ellesmere,United Kingdom,3.8
127,England,United Kingdom,4.17
128,Enniskillen,United Kingdom,5.07
129,Epsom,United Kingdom,5.07
130,Errol,United Kingdom,4.47
131,Esher,United Kingdom,6.71
132,Exeter,United Kingdom,4.47
133,Falkirk,United Kingdom,4.25
134,Falmouth,United Kingdom,6.11
135,Farnham Royle,United Kingdom,4.62
136,Faversham,United Kingdom,4.25
137,Felixsrtowe,United Kingdom,4.92
138,Felixstowe,United Kingdom,4.47
139,Finsbury Park,United Kingdom,4.77
140,Fishponds,United Kingdom,4.77
141,Folkestone,United Kingdom,4.47
142,Forest Row,United Kingdom,5.74
143,Formby,United Kingdom,5.65
144,Four Lanes,United Kingdom,6.56
145,Fraserburgh,United Kingdom,3.73
146,Frome,United Kingdom,5.22
147,Gateshead,United Kingdom,2.68
148,Glasgow,United Kingdom,4.14
149,Glasson,United Kingdom,3.5
150,Gloucester,United Kingdom,4.77
151,Gosport,United Kingdom,4.32
152,Grantham,United Kingdom,4.47
153,Great Broughton,United Kingdom,3.87
154,Great Yarmouth,United Kingdom,4.47
155,Greenford,United Kingdom,4.84
156,Grimsby,United Kingdom,3.43
157,Guildford,United Kingdom,6.71
158,Gunwalloe,United Kingdom,5.96
159,Halifax,United Kingdom,4.17
160,Hamilton,United Kingdom,3.58
161,Harlow,United Kingdom,4.92
162,Harrogate,United Kingdom,5.22
163,Harrow,United Kingdom,5.07
164,Hartlepool,United Kingdom,3.87
165,Harwich,United Kingdom,5.89
166,Haslemere,United Kingdom,5.96
167,Havant,United Kingdom,4.84
168,Helford,United Kingdom,6.71
169,Herne Bay,United Kingdom,5.36
170,Hertfordshire,United Kingdom,5.22
171,Hexham,United Kingdom,4.25
172,High Wycombe,United Kingdom,5.96
173,Hitchin,United Kingdom,4.92
174,Holmfirth,United Kingdom,5.22
175,Holyhead,United Kingdom,3.53
176,Holywell,United Kingdom,6.03
177,Honiton,United Kingdom,2.97
178,Horsham,United Kingdom,6.71
179,Horsington,United Kingdom,4.47
180,Hounslow,United Kingdom,5.29
181,Huddersfield,United Kingdom,4.14
182,Hull,United Kingdom,3.58
183,Ilford,United Kingdom,3.28
184,Inverness,United Kingdom,3.99
185,Ipswich,United Kingdom,5.22
186,Isles Of Scilly,United Kingdom,4.17
187,Jersey,United Kingdom,5.22
188,Kendal,United Kingdom,4.62
189,Kennack Sands,United Kingdom,6.11
190,Kensington,United Kingdom,6.26
191,Kingston,United Kingdom,5.36
192,Kingswood,United Kingdom,4.96
193,Kirkcaldy,United Kingdom,4.92
194,Knutsford,United Kingdom,3.49
195,Lancaster,United Kingdom,4.17
196,Largs,United Kingdom,4.62
197,Leamington Spa,United Kingdom,5.07
198,Leeds,United Kingdom,3.99
199,Leicester,United Kingdom,4.69
200,Letchworth,United Kingdom,4.31
201,Lincoln,United Kingdom,4.62
202,Liverpool,United Kingdom,4.2
203,Lizard,United Kingdom,6.41
204,Llanboidy,United Kingdom,4.32
205,Llandudno,United Kingdom,6.41
206,Llanelli,United Kingdom,3.73
207,Llanfairpwllgwyngyll,United Kingdom,5.36
208,London,United Kingdom,5.96
209,"London, Archway",United Kingdom,3.95
210,Londonderry,United Kingdom,4.47
211,Loughborough,United Kingdom,4.59
212,Luton,United Kingdom,2.98
213,Lye,United Kingdom,3.73
214,Lymington,United Kingdom,5.66
215,Maesteg,United Kingdom,3.43
216,Manchester,United Kingdom,4.69
217,Mansfield,United Kingdom,5.66
218,Margate,United Kingdom,6.11
219,Melton Mowbray,United Kingdom,3.13
220,Merthyr Tydfil,United Kingdom,4.02
221,Mickle Trafford,United Kingdom,2.91
222,Middlesbrough,United Kingdom,4.32
223,Milton Keynes,United Kingdom,4.69
224,Minehead,United Kingdom,3.73
225,Mirfield,United Kingdom,4.54
226,Monifieth,United Kingdom,4.4
227,Montrose,United Kingdom,4.1
228,Morecambe,United Kingdom,3.73
229,Morpeth,United Kingdom,2.61
230,Mullion,United Kingdom,5.81
231,Mundesley,United Kingdom,4.77
232,Murton,United Kingdom,2.98
233,Mynyddislwyn,United Kingdom,2.37
234,Narberth,United Kingdom,4.47
235,New Romney,United Kingdom,4.77
236,Newark,United Kingdom,4.65
237,Newbury,United Kingdom,4.77
238,Newcastle,United Kingdom,2.76
239,Newcastle Upon Tyne,United Kingdom,4.62
240,Newick,United Kingdom,5.66
241,Newlyn,United Kingdom,6.71
242,Newmarket,United Kingdom,5.36
243,Newport,United Kingdom,4.35
244,Newry,United Kingdom,4.17
245,Northallerton,United Kingdom,2.98
246,Northampton,United Kingdom,5.07
247,Norwich,United Kingdom,4.77
248,Nottingham,United Kingdom,4.44
249,Oakham,United Kingdom,4.47
250,Oban,United Kingdom,8.31
251,Oldham,United Kingdom,3.73
252,Olney,United Kingdom,6.78
253,Orkney,United Kingdom,4.47
254,Ormskirk,United Kingdom,4.02
255,Otley,United Kingdom,4.47
256,Oundle,United Kingdom,4.11
257,Oxford,United Kingdom,6.08
258,Padgate,United Kingdom,4.1
259,Paisley,United Kingdom,4.02
260,Penygroes,United Kingdom,4.62
261,Perth,United Kingdom,3.5
262,Peterlee,United Kingdom,2.83
263,Petersfield,United Kingdom,6.18
264,Pin Mill,United Kingdom,5.96
265,Plymouth,United Kingdom,4.62
266,Pogmoor,United Kingdom,4.47
267,Poole,United Kingdom,5.07
268,Port St Mary,United Kingdom,4.84
269,Porthcawl,United Kingdom,0.37
270,Porthoustock,United Kingdom,5.96
271,Portobello,United Kingdom,4.84
272,Portsmouth,United Kingdom,6.14
273,Praa Sands,United Kingdom,6.26
274,Preston,United Kingdom,3.43
275,Prestwick,United Kingdom,4.32
276,Pwllheli,United Kingdom,4.47
277,Ramsgate,United Kingdom,3.31
278,Reading,United Kingdom,5.44
279,Redcar,United Kingdom,2.61
280,Redhill,United Kingdom,4.05
281,Ripon,United Kingdom,4.47
282,Rotherham,United Kingdom,4.69
283,ROTHESAY,United Kingdom,5.22
284,Rugby,United Kingdom,5.84
285,Ruislip,United Kingdom,4.77
286,Rutherglen,United Kingdom,3.73
287,Saffron Walden,United Kingdom,5.44
288,Saint Keverne,United Kingdom,6.41
289,Salford,United Kingdom,4.32
290,Salisbury,United Kingdom,4.17
291,Saltcoats,United Kingdom,3.58
292,Sandwich,United Kingdom,4.47
293,Sandy,United Kingdom,4.32
294,Scarborough,United Kingdom,5.29
295,Seaford,United Kingdom,4.32
296,Seascale,United Kingdom,3.87
297,Seaton Sluice,United Kingdom,4.4
298,Selby,United Kingdom,3.73
299,Sheerness,United Kingdom,3.87
300,Sheffield,United Kingdom,3.87
301,Sheldon,United Kingdom,4.32
302,Shepperton,United Kingdom,5.44
303,Shetland,United Kingdom,3.95
304,Shit,United Kingdom,3.28
305,Shrewsbury,United Kingdom,4.32
306,"Shrewsbury, United Kingdom",United Kingdom,3.8
307,Silloth,United Kingdom,5.07
308,SKEGNESS,United Kingdom,3.87
309,Slough,United Kingdom,3.01
310,Somersham (cambs),United Kingdom,4.32
311,South Normanton,United Kingdom,3.43
312,South Queensferry,United Kingdom,3.73
313,Southampton,United Kingdom,4.92
314,Southsea,United Kingdom,5.96
315,Southwell,United Kingdom,3.87
316,Southwell Nottingham,United Kingdom,2.18
317,Spalding,United Kingdom,7.15
318,St Albans,United Kingdom,7.0
319,St Austell,United Kingdom,4.92
320,St Blaise,United Kingdom,5.22
321,St Helens,United Kingdom,4.47
322,St Ives,United Kingdom,5.07
323,St Neots,United Kingdom,4.32
324,ST. AUSTELL,United Kingdom,6.71
325,St. Ives,United Kingdom,4.25
326,Stafford,United Kingdom,5.22
327,Steeple Claydon,United Kingdom,2.77
328,Stevenage,United Kingdom,4.43
329,Stillington,United Kingdom,3.58
330,Stilton,United Kingdom,4.17
331,Stirling,United Kingdom,4.56
332,Stockport,United Kingdom,4.89
333,Stoke-on-Trent,United Kingdom,4.77
334,Stonehaven,United Kingdom,4.38
335,Stornoway,United Kingdom,4.47
336,Stourbridge,United Kingdom,5.51
337,Stourport-on-Severn,United Kingdom,4.32
338,Stranmillis,United Kingdom,4.62
339,Stratford-upon-Avon,United Kingdom,5.07
340,Stroud,United Kingdom,4.77
341,Sturminster Marshall,United Kingdom,4.47
342,Sunderland,United Kingdom,4.25
343,Surbiton,United Kingdom,5.22
344,Sutton,United Kingdom,6.26
345,Swansea,United Kingdom,3.87
346,Sweary Parrot,United Kingdom,4.77
347,Swindon,United Kingdom,4.17
348,Tadcaster,United Kingdom,2.38
349,Taunton - Plough Inn,United Kingdom,7.45
350,Taunton Plough Inn,United Kingdom,7.45
351,Teddington,United Kingdom,7.99
352,Telford,United Kingdom,2.62
353,Thornaby On Tees,United Kingdom,3.7
354,Thunderbridge,United Kingdom,9.69
355,Thurstonland,United Kingdom,5.96
356,Tillicoultry,United Kingdom,3.87
357,Todmorden,United Kingdom,2.98
358,Torbay,United Kingdom,5.07
359,Torquay,United Kingdom,5.22
360,TRIMLEY ST MARIN,United Kingdom,5.66
361,Trouser Ferret,United Kingdom,3.65
362,Truro,United Kingdom,4.47
363,Tunbridge Wells,United Kingdom,5.81
364,Uddingston,United Kingdom,3.73
365,Ullapool,United Kingdom,5.66
366,Ulverston,United Kingdom,2.83
367,Uppingham,United Kingdom,7.45
368,Wakefield,United Kingdom,3.58
369,Wallasey,United Kingdom,3.87
370,Walsall,United Kingdom,5.22
371,Walton,United Kingdom,4.47
372,Wandsworth,United Kingdom,4.92
373,Wank,United Kingdom,8.79
374,Wank Piss,United Kingdom,7.15
375,Ware,United Kingdom,6.48
376,Warrington,United Kingdom,5.14
377,Warsash,United Kingdom,6.56
378,Warsop,United Kingdom,5.84
379,Watford,United Kingdom,4.32
380,Wells,United Kingdom,4.77
381,Weston-Super-Mare,United Kingdom,4.84
382,Whitby,United Kingdom,2.09
383,"Whitchurch, Shropshire",United Kingdom,4.17
384,Whyteleafe,United Kingdom,4.77
385,Wick,United Kingdom,3.58
386,Wigan,United Kingdom,3.73
387,Wilmslow,United Kingdom,4.4
388,Winchester,United Kingdom,6.41
389,Windsor,United Kingdom,5.96
390,Winsford,United Kingdom,3.8
391,Wivenhoe,United Kingdom,5.51
392,Woking,United Kingdom,4.62
393,Wokingham,United Kingdom,5.89
394,Wolverhampton,United Kingdom,4.13
395,Woolacombe,United Kingdom,5.22
396,Worcester,United Kingdom,4.59
397,Worksop,United Kingdom,4.47
398,Worthing,United Kingdom,5.51
399,Wrexham,United Kingdom,4.47
400,Yaverland,United Kingdom,4.77
401,Yeovil,United Kingdom,5.81
402,York,United Kingdom,4.47
1,Banska Bystrica,Afghanistan,1.43
2,Fogobofab,Afghanistan,3.99
3,Kabul,Afghanistan,3.13
4,Kandahar,Afghanistan,0.8
5,Nijeveen,Afghanistan,2.98
6,Prague,Afghanistan,1.79
1,Durres,Albania,0.86
2,KorÃ§Ã«,Albania,0.57
3,KukÃ«s County,Albania,1.18
4,LezhÃ« District,Albania,0.75
5,Sarande,Albania,0.75
6,Setgdtydftf,Albania,2.0
7,Tirana,Albania,1.13
1,Alger,Algeria,2.59
2,Algiers,Algeria,5.39
3,Hassi Messaoud,Algeria,1.34
1,Andorra La Vella,Andorra,4.47
1,Lobito,Angola,2.09
2,Luanda,Angola,2.86
1,Liberta,Antigua and Barbuda,2.4
2,St John's,Antigua and Barbuda,npriced
1,BolÃ­var,Argentina,0.75
2,Buenos Aires,Argentina,1.59
3,CATAMARCA,Argentina,3.99
4,Cordoba,Argentina,3.13
5,Eldorado,Argentina,1.82
6,FLORESTA CHUPAME ESTA,Argentina,0.07
7,India,Argentina,3.9
8,La Plata,Argentina,1.34
9,Neuquen,Argentina,3.99
10,Palermo,Argentina,3.17
11,Parana,Argentina,0.6
12,Rafaela,Argentina,1.04
13,Resistencia,Argentina,5.45
14,Rio Gallegos,Argentina,3.5
15,Rosario,Argentina,1.12
16,Salta,Argentina,0.97
17,San Rafael,Argentina,2.52
18,Santa Fe,Argentina,3.32
19,TEMPERLEY Ciudad De La Locura,Argentina,1.49
20,TucumÃ¡n,Argentina,0.82
21,Ushuaia,Argentina,5.68
22,Villa Martelli,Argentina,1.36
1,Kapan,Armenia,1.03
2,Yerevan,Armenia,1.5
1,Nietdiset,Aruba,2.73
2,Oranjestad,Aruba,3.04
3,Williamstad,Aruba,1.82
1,Adelaide,Australia,4.46
2,Airlie Beach,Australia,5.84
3,Alice Springs,Australia,3.65
4,Ballarat,Australia,4.22
5,Belgium Beer Cafe,Australia,11.68
6,Bendigo,Australia,2.77
7,BRIS,Australia,5.1
8,Brisbane,Australia,5.84
9,Broome,Australia,12.25
10,Bundoora,Australia,2.56
11,Canberra,Australia,8.79
12,Canowindra,Australia,5.1
13,Childers,Australia,2.62
14,Cottesloe,Australia,0.37
15,Darwin,Australia,6.41
16,Drinkandawank,Australia,4.59
17,Dubbo,Australia,3.43
18,Fortitude Valley,Australia,6.94
19,Fremantle,Australia,9.24
20,Geelong,Australia,6.14
21,Gold Coast,Australia,4.93
22,Hervey Bay,Australia,4.02
23,Hobart,Australia,6.68
24,Hobart CBD,Australia,4.02
25,Karratha,Australia,12.75
26,Launceston,Australia,7.45
27,Logan,Australia,7.14
28,Mackay,Australia,1.46
29,Melbourne,Australia,7.67
30,Merimbula,Australia,5.1
31,Merredin,Australia,8.88
32,Minto,Australia,3.35
33,Mullumbimby,Australia,3.5
34,New South Wales,Australia,5.1
35,Newcastle,Australia,3.87
36,Nullarbor,Australia,6.94
37,Orange,Australia,5.3
38,Perth,Australia,8.05
39,Port Denison,Australia,12.25
40,Port Douglas,Australia,8.17
41,Swifts Creek,Australia,2.62
42,Sydney,Australia,5.84
43,Taree,Australia,2.19
44,Tathra,Australia,5.45
45,Victoria,Australia,5.1
46,Walgett,Australia,2.47
47,Warrnambool,Australia,10.42
48,Willywanger,Australia,0.15
49,Wollongong,Australia,3.65
1,Abwinden,Austria,4.46
2,Bad Hall,Austria,3.89
3,Bad Kleinkirchheim,Austria,3.89
4,Feldkirch,Austria,3.75
5,Gaweinstal,Austria,2.52
6,Graz,Austria,3.89
7,Hard,Austria,3.23
8,Innsbruck,Austria,3.84
9,Ischgl,Austria,8.94
10,Kottingbrunn,Austria,4.28
11,Lech,Austria,7.78
12,Linz,Austria,3.78
13,Niederau,Austria,4.14
14,Ottensheim,Austria,3.78
15,Pertisau,Austria,4.66
16,Salzburg,Austria,3.31
17,Sankt AndrÃ¤ Am Zicksee,Austria,3.41
18,Sankt Anton Am Arlberg,Austria,5.36
19,Sankt Johann,Austria,3.78
20,Seefeld,Austria,4.62
21,Solden,Austria,3.52
22,SÃ¶ll,Austria,4.53
23,TNF Kammerl,Austria,1.3
24,Vienna,Austria,3.89
25,Westendorf,Austria,4.04
26,Wien,Austria,4.17
27,Zell Am See,Austria,4.54
28,Zwettl,Austria,3.89
1,Baku,Azerbaijan,2.24
1,Guchcb,Azores,4.5
2,Horta,Azores,2.52
3,Lajes,Azores,3.58
4,Madalena,Azores,1.27
5,Ponta Delgada,Azores,2.21
1,Nassau,Bahamas,2.99
1,Gushy,Bahrain,7.96
2,ManÄma,Bahrain,4.34
1,C,Bangladesh,3.29
2,Cox's Bazar,Bangladesh,npriced
3,Dhaka,Bangladesh,2.73
1,Bridgetown,Barbados,1.5
2,The Gap,Barbados,4.02
1,Aalst,Belgium,1.89
2,Aarschot,Belgium,2.4
3,Achel,Belgium,2.28
4,Affligem,Belgium,1.83
5,Alken,Belgium,1.27
6,Antwerp,Belgium,2.4
7,Antwerpen,Belgium,2.28
8,Aubel,Belgium,1.27
9,Baaschtnech,Belgium,1.89
10,Beerse,Belgium,2.65
11,Beersel,Belgium,1.52
12,Bertem,Belgium,1.27
13,Betekom,Belgium,1.27
14,Bilzen,Belgium,1.27
15,Blankenberge,Belgium,1.76
16,Bocholt,Belgium,1.77
17,Boechout,Belgium,2.15
18,Bonheiden,Belgium,1.46
19,Boom,Belgium,1.18
20,Brasschaat,Belgium,2.52
21,Bredene,Belgium,2.07
22,Bree,Belgium,1.28
23,Bruges,Belgium,4.43
24,Brugge,Belgium,5.17
25,Brussels,Belgium,3.02
26,Bruxelles,Belgium,1.3
27,Charleroi,Belgium,2.15
28,City Of Brussels,Belgium,6.48
29,De Haan,Belgium,2.52
30,Deerlijk,Belgium,1.89
31,Denderhoutem,Belgium,1.27
32,Dendermonde,Belgium,1.27
33,Denee,Belgium,1.3
34,Dessel,Belgium,2.52
35,Desselgem,Belgium,1.89
36,Diest,Belgium,1.67
37,Diksmuide,Belgium,1.77
38,Duffel,Belgium,1.52
39,Edegem,Belgium,1.27
40,Emblem,Belgium,1.27
41,Eppegem,Belgium,2.15
42,Erps-Kwerps,Belgium,1.89
43,Eupen,Belgium,0.85
44,Geel,Belgium,1.88
45,Genk,Belgium,1.27
46,Gent,Belgium,1.83
47,Geraardsbergen,Belgium,1.27
48,Ghent,Belgium,2.28
49,Grimminge,Belgium,1.27
50,Haasrode,Belgium,1.27
51,Halle,Belgium,2.21
52,Harelbeke,Belgium,1.58
53,Hasselt,Belgium,1.27
54,Heist-op-den-Berg,Belgium,1.64
55,Herbesthal,Belgium,1.27
56,Herentals,Belgium,1.27
57,Hever,Belgium,1.95
58,Houffalize,Belgium,2.52
59,Hulste,Belgium,1.77
60,Ieper,Belgium,2.15
61,Ingelmunster,Belgium,1.64
62,Izegem,Belgium,1.27
63,Jette,Belgium,1.83
64,Kalmthout,Belgium,1.89
65,Kampenhout,Belgium,1.89
66,Kermt,Belgium,2.03
67,Knokke,Belgium,2.52
68,Knokke-Heist,Belgium,2.21
69,Kontich,Belgium,5.05
70,Kortenberg,Belgium,1.58
71,Kortrijk,Belgium,2.28
72,Kraainem,Belgium,1.89
73,Kruishoutem,Belgium,2.03
74,Kuurne,Belgium,1.64
75,Langdorp,Belgium,1.27
76,Leuven,Belgium,1.27
77,Liedekerke,Belgium,1.3
78,Liege,Belgium,1.94
79,Lier,Belgium,1.97
80,Lierneux,Belgium,2.15
81,Lille,Belgium,1.55
82,Lippelo,Belgium,2.03
83,Louvain-la-Neuve,Belgium,1.3
84,Lummen,Belgium,1.89
85,Maaseik,Belgium,1.27
86,Maasmechelen,Belgium,1.89
87,Mechelen,Belgium,2.28
88,Meerhout,Belgium,1.64
89,Merelbeke,Belgium,1.52
90,Merksplas,Belgium,2.03
91,Moen,Belgium,2.52
92,Mol,Belgium,2.52
93,Mons,Belgium,2.15
94,Mont-saint-guibert,Belgium,1.91
95,Mortsel,Belgium,1.58
96,Mouscron,Belgium,1.58
97,Namur,Belgium,3.89
98,Nederokkerzeel,Belgium,1.7
99,Neerpelt,Belgium,2.53
100,Niel,Belgium,1.18
101,Ninove,Belgium,1.27
102,Olmen,Belgium,1.27
103,Oostduinkerke,Belgium,5.05
104,Oostende,Belgium,4.43
105,Opwijk,Belgium,1.52
106,Ottenburg,Belgium,3.78
107,Oudenaarde,Belgium,1.58
108,Overpelt,Belgium,1.52
109,Paal,Belgium,1.27
110,Parike,Belgium,1.27
111,Poperinge,Belgium,1.27
112,Puurs,Belgium,3.78
113,Ranst,Belgium,0.76
114,Relst,Belgium,1.46
115,Rijkevorsel,Belgium,2.03
116,Roeselare,Belgium,2.03
117,Ronse,Belgium,1.27
118,Rumst,Belgium,1.89
119,Schaerbeek,Belgium,1.77
120,Scheldewindeke,Belgium,1.27
121,Scherpenheuvel,Belgium,1.3
122,Schoten,Belgium,1.27
123,Schulen,Belgium,1.27
124,Sint-Niklaas,Belgium,1.89
125,Sint-Pieters-Leeuw,Belgium,1.64
126,Sint-Truiden,Belgium,4.77
127,Steenokkerzeel,Belgium,1.77
128,Stokkem,Belgium,5.05
129,Temse,Belgium,1.27
130,Tielt,Belgium,2.15
131,Tienen,Belgium,2.91
132,Tongeren,Belgium,1.27
133,Turnhout,Belgium,2.28
134,Vleteren,Belgium,1.27
135,Vosselaar,Belgium,3.16
136,Vossem,Belgium,1.27
137,Wambeek,Belgium,1.27
138,Waregem,Belgium,1.89
139,Wemmel,Belgium,1.89
140,Westerlo,Belgium,1.27
141,Wetteren,Belgium,1.27
142,Willebroek,Belgium,1.27
143,Wommelgem,Belgium,1.89
144,Ypres,Belgium,5.96
145,Zedelgem,Belgium,1.89
146,Zele,Belgium,1.89
147,Zottegem,Belgium,1.89
148,Zutendaal,Belgium,1.89
149,Zwevegem,Belgium,1.27
150,Zwevezele,Belgium,1.27
1,Belmopan,Belize,1.06
2,Consejo,Belize,2.62
3,Orange Walk,Belize,1.55
4,Placencia,Belize,3.49
5,San Ignacio,Belize,1.88
1,Hamilton,Bermuda,5.72
1,Paro,Bhutan,0.89
2,Thimphu,Bhutan,0.19
1,Cochabamba,Bolivia,1.04
2,Guarayos,Bolivia,0.64
3,La Paz,Bolivia,0.75
4,San MatÃ­as,Bolivia,0.75
5,Santa Cruz,Bolivia,0.55
6,Santa Cruz De La Sierra,Bolivia,0.76
7,Sucre,Bolivia,1.0
8,Trinidad,Bolivia,0.37
1,Kralendijk,Bonaire,2.24
1,Banja Luka,Bosnia and Herzegovina,0.66
2,Bihac,Bosnia and Herzegovina,0.94
3,Bijeljina,Bosnia and Herzegovina,1.18
4,Bosanska Krupa,Bosnia and Herzegovina,0.88
5,Äapljina,Bosnia and Herzegovina,1.18
6,Derventa,Bosnia and Herzegovina,0.98
7,FoÄa,Bosnia and Herzegovina,0.88
8,Gacko,Bosnia and Herzegovina,0.88
9,Gradacac,Bosnia and Herzegovina,0.7
10,MiliÄi,Bosnia and Herzegovina,0.94
11,Mostar,Bosnia and Herzegovina,1.7
12,Novi Travnik,Bosnia and Herzegovina,1.3
13,Sarajevo,Bosnia and Herzegovina,1.77
14,Srebrenik,Bosnia and Herzegovina,0.88
15,Travnik,Bosnia and Herzegovina,1.18
16,Trebinje,Bosnia and Herzegovina,2.68
17,Tuzla,Bosnia and Herzegovina,1.37
18,Velika KladuÅ¡a,Bosnia and Herzegovina,1.18
19,Visoko,Bosnia and Herzegovina,1.27
20,Vitez,Bosnia and Herzegovina,0.88
21,Zenica,Bosnia and Herzegovina,1.46
22,Zvornik,Bosnia and Herzegovina,1.18
1,Gaborone,Botswana,1.88
1,,Brazil,0.75
2,Adamantina,Brazil,1.82
3,Ãguas De SÃ£o Pedro,Brazil,2.73
4,Agudos,Brazil,1.59
5,Alfenas,Brazil,1.64
6,Almenara,Brazil,1.49
7,Americana,Brazil,0.89
8,Apucarana,Brazil,0.91
9,Argentino Viado,Brazil,0.13
10,ArmaÃ§Ã£o De BÃºzios,Brazil,4.47
11,Assis,Brazil,1.3
12,Barretos,Brazil,1
13,Bauru,Brazil,1.82
14,Belo Horizonte,Brazil,1.49
15,Blumenau,Brazil,0.91
16,Boa Vista,Brazil,3.99
17,BraganÃ§a Paulista,Brazil,2.21
18,Brasilia,Brazil,1.85
19,Brusque,Brazil,1.31
20,Campinas,Brazil,2.52
21,Campos Do JordÃ£o,Brazil,10.91
22,Canela,Brazil,1.82
23,Caxias Do Sul,Brazil,1.09
24,ChuÃ­,Brazil,1.73
25,Copacabana,Brazil,1.27
26,CuiabÃ¡,Brazil,1.27
27,Curitiba,Brazil,4.98
28,Florianopolis,Brazil,1.92
29,Fortaleza,Brazil,1.27
30,GoiÃ¢nia,Brazil,2.4
31,Gramado,Brazil,2.73
32,Guaratingueta,Brazil,2.89
33,GuarujÃ¡,Brazil,1.27
34,Guarulhos,Brazil,4.54
35,Herval D`Oeste,Brazil,2.09
36,Itaipava,Brazil,0.82
37,Itaperuna,Brazil,1.19
38,Itu,Brazil,0.89
39,Jales,Brazil,0.95
40,JaÃº,Brazil,1.27
41,Joinville,Brazil,1
42,JundiaÃ­,Brazil,2.26
43,Limoeiro Do Norte,Brazil,1
44,Londrina,Brazil,0.91
45,MacapÃ¡,Brazil,0.76
46,MarabÃ¡,Brazil,0.95
47,MaringÃ¡,Brazil,0.95
48,Natal,Brazil,1.06
49,Osasco,Brazil,1.82
50,Paulinia,Brazil,5.45
51,Pelotas,Brazil,0.75
52,PetrÃ³polis,Brazil,2
53,Piracicaba,Brazil,2.18
54,Porto Alegre,Brazil,1.5
55,Porto Seguro,Brazil,1.49
56,Praia Grande,Brazil,2.31
57,Recife,Brazil,1.34
58,Rio,Brazil,3.23
59,Rio De Janeiro,Brazil,2.09
60,Salvador,Brazil,1.37
61,Santa BÃ¡rbara D'Oeste,Brazil,npriced
62,Santos,Brazil,1.27
63,Sao Jose,Brazil,3.73
64,SÃ£o JosÃ© Dos Campos,Brazil,1.82
65,Sao Paulo,Brazil,1.5
66,Sorocaba,Brazil,1
67,Taquara,Brazil,1.36
68,Teresina,Brazil,1.3
69,Valinhos,Brazil,1.86
70,Varginha,Brazil,1.04
71,Vitoria,Brazil,1.56
1,,Brunei,1.49
2,Bandar Seri Begawan,Brunei,4.5
1,Bansko,Bulgaria,2.61
2,Bansko Municipality,Bulgaria,2.12
3,Borovets,Bulgaria,2.98
4,Burgas,Bulgaria,1.34
5,Kocherinovo,Bulgaria,2.38
6,Kyustendil,Bulgaria,1.01
7,Nesebar,Bulgaria,2.24
8,Nesebar Municipality,Bulgaria,3.73
9,Plovdiv,Bulgaria,1.27
10,Primorsko,Bulgaria,1.3
11,Sandanski,Bulgaria,1.19
12,Sofia,Bulgaria,1.64
13,Sozopol,Bulgaria,1.27
14,Sunny Beach,Bulgaria,0.82
15,Tirnovo,Bulgaria,1.01
16,Varna,Bulgaria,1.37
17,Vidin,Bulgaria,0.76
18,Vratsa,Bulgaria,0.63
1,Ouagadougou,Burkina Faso,0.77
1,Bujumbura,Burundi,0.55
1,Minsk,Byelorussia,0.91
1,Krong Preah Sihanouk,Cambodia,1.12
2,Phnom Penh,Cambodia,0.91
3,Siam Reap,Cambodia,1.34
4,Siem Reap,Cambodia,0.61
5,Sihanoukvile,Cambodia,0.75
6,Sihanoukville,Cambodia,1.25
1,Buea,Cameroon,0.89
2,Yaounde,Cameroon,3.61
1,Amherst,Canada,3.22
2,Burlington,Canada,4.02
3,Calgary,Canada,6.29
4,Cavendish,Canada,5.63
5,Charlottetown,Canada,6.23
6,Delta,Canada,1.21
7,Edmonton,Canada,5.63
8,Fernie,Canada,4.02
9,Fort McMurray,Canada,5.08
10,Fort St. John,Canada,9.25
11,Fredricton,Canada,3.89
12,Gatineau,Canada,4.66
13,Granby,Canada,5.35
14,Grande Prairie,Canada,3.43
15,Gravenhurst,Canada,4.34
16,Guelph,Canada,4.1
17,Halifax,Canada,5.84
18,Hamilton,Canada,3.22
19,Kamloops,Canada,4.02
20,Kelowna,Canada,3.62
21,Kingston,Canada,1.95
22,Kitchener,Canada,2.85
23,Lethbridge,Canada,3.83
24,London,Canada,4.43
25,Medicine Hat,Canada,4.38
26,Montreal,Canada,7.79
27,Ottawa,Canada,5.23
28,Pender Island,Canada,3.83
29,Penticton,Canada,5.11
30,Port Hawksbury,Canada,3.32
31,Prince George,Canada,4.43
32,Quebec,Canada,5.63
33,Quenec City,Canada,8.76
34,Regina,Canada,4.83
35,Saskatoon,Canada,4.83
36,St John,Canada,3.62
37,St John's,Canada,npriced
38,St Stephen,Canada,4.43
39,St. John's,Canada,npriced
40,Toronto,Canada,5.63
41,Vancouver,Canada,4.75
42,Victoria,Canada,4.53
43,Walkerton,Canada,3.59
44,Waterloo,Canada,4.84
45,West Kelowna,Canada,3.22
46,Westbank,Canada,3.43
47,Whitby,Canada,2.01
48,Windsor,Canada,4.53
49,Winnipeg,Canada,4.43
50,Yellowknife,Canada,9.67
1,Ponta Do Sol,Cape Verde,2.34
2,Santa Maria,Cape Verde,4.89
1,George Town,Cayman Islands,3.58
2,Grand Cayman,Cayman Islands,4.62
1,N'Djamena,Chad,npriced
1,Calama,Chile,0.75
2,Concepcion,Chile,1.49
3,Las Condes,Chile,3.43
4,Providencia,Chile,2.0
5,PucÃ³n,Chile,2.8
6,Santiago,Chile,2.19
7,Santiago Metropolitan Region,Chile,2.98
8,Valparaiso,Chile,1.36
1,Baishan,China,0.25
2,Beijing,China,0.72
3,Chengdu,China,2.71
4,Chongqing,China,0.48
5,Dalian,China,4.74
6,Dongwan,China,0.7
7,Foshan,China,0.89
8,Fuzhou,China,2.65
9,Guangzhou,China,3.37
10,Hainan,China,0.43
11,Jinan,China,3.52
12,Jincheng,China,0.27
13,Nanning,China,0.37
14,Nanyang,China,2.59
15,Ngari,China,0.1
16,Qingdao,China,0.91
17,Sanya,China,2.61
18,Shanghai,China,7.45
19,Shangluo,China,2.99
20,Shekou,China,2.98
21,Suzhou,China,3.74
22,Tianjin,China,4.47
23,Wuhan,China,0.67
24,Wuhu,China,0.24
25,Xi'an,China,npriced
26,Xiamen,China,4.47
27,Yangzhou,China,1.58
28,Yantai,China,0.57
29,Yichang,China,1.55
1,All Over The Country,Colombia,1.12
2,Barranquilla,Colombia,0.37
3,Bogota,Colombia,0.82
4,Bucaramanga,Colombia,0.86
5,Cali,Colombia,1.94
6,Cartagena,Colombia,2.06
7,Chia,Colombia,0.15
8,Ibague,Colombia,1.31
9,Manizales,Colombia,0.72
10,Medellin,Colombia,0.92
11,Neiva,Colombia,0.42
12,Pereira,Colombia,0.75
13,Santa Marta (Distrito TurÃ­stico Cultural,Colombia,0.95
14,Santiago De Cali,Colombia,1.42
1,Itsandra,Comoros Islands,3.89
1,Brazzaville,Congo,4.75
2,Point-Noire,Congo,8.94
3,Pointe-Noire,Congo,1.49
1,Bukavu,Congo DR,7.27
2,Kinshasa,Congo DR,0.57
1,Alajuela,Costa Rica,1.88
2,Escazu,Costa Rica,2.85
3,Guanacaste,Costa Rica,1.04
4,Heredia,Costa Rica,1.06
5,La Fortuna,Costa Rica,1.53
6,Limon,Costa Rica,1.5
7,Manuel Antonio,Costa Rica,2.68
8,Monteverde,Costa Rica,0.58
9,Puerto Quepos,Costa Rica,1.31
10,SÃ¡mara,Costa Rica,1.5
11,San Jose,Costa Rica,2.0
12,Tamarindo,Costa Rica,1.5
1,Borovo Selo,Croatia,0.15
2,Äakovec,Croatia,2.01
3,City Of Zagreb,Croatia,1.88
4,Cres,Croatia,3.16
5,Djakovo,Croatia,1.82
6,Dubrovnik,Croatia,4.32
7,Gradac,Croatia,0.86
8,Hvar,Croatia,2.98
9,KorÄula,Croatia,3.41
10,Medulin,Croatia,1.89
11,Novalja,Croatia,3.5
12,OrebiÄ,Croatia,2.46
13,Osijek,Croatia,1.27
14,PoreÄ,Croatia,3.02
15,Primorje-Gorski Kotar,Croatia,1.49
16,Pula,Croatia,2.16
17,Rijeka (Fiume),Croatia,1.3
18,Rovinj,Croatia,3.58
19,Slavonski Brod,Croatia,1.77
20,Split,Croatia,2.38
21,Supetar,Croatia,1.31
22,Trogir,Croatia,2.52
23,Varazdin,Croatia,1.86
24,Zadar,Croatia,2.24
25,Zagreb,Croatia,2.38
1,Baracoa,Cuba,1.27
2,Camaguey,Cuba,1.12
3,Havana,Cuba,1.68
4,Holguin,Cuba,0.86
5,Pilon,Cuba,0.66
6,Pinar Del Rio,Cuba,0.85
7,Santiago De Cuba,Cuba,1.19
8,Varadero,Cuba,1.58
1,Agia Napa,Cyprus,3.58
2,Ayia Napa,Cyprus,4.43
3,Famagusta,Cyprus,3.16
4,Karavas,Cyprus,3.16
5,Kyrenia,Cyprus,2.24
6,Larnaca,Cyprus,3.25
7,Limassol,Cyprus,3.73
8,Nicosia,Cyprus,2.03
9,Paphos,Cyprus,2.7
10,Peyia,Cyprus,3.23
11,Pissouri,Cyprus,4.1
1,BenÃ¡tky Nad Jizerou,Czech Republic,0.8
2,Brandys Nad Labem,Czech Republic,1.03
3,Breclav,Czech Republic,1.16
4,Brno,Czech Republic,1.04
5,Broumov,Czech Republic,1.15
6,BruntÃ¡l,Czech Republic,1.06
7,Budweis,Czech Republic,1.33
8,Carlsbad,Czech Republic,1.18
9,Ceska Lipa,Czech Republic,0.88
10,Cesky Krumlov,Czech Republic,1.49
11,ChoceÅ,Czech Republic,1.18
12,ChodovÃ¡ PlanÃ¡,Czech Republic,0.7
13,Chrudim,Czech Republic,1.22
14,Chvaletice,Czech Republic,1.3
15,ChvalÅ¡iny,Czech Republic,0.77
16,Dobruska,Czech Republic,1.03
17,Domazlice,Czech Republic,1.3
18,FrÃ½dek-MÃ­stek,Czech Republic,0.94
19,HavÃ­Åov,Czech Republic,0.95
20,HlaveÄnÃ­k,Czech Republic,0.76
21,HluÄÃ­n,Czech Republic,1.12
22,HodonÃ­n,Czech Republic,1.28
23,Hradec Kralove,Czech Republic,1.01
24,Jablonec Nad Nisou,Czech Republic,0.82
25,JablonnÃ© Nad OrlicÃ­,Czech Republic,0.97
26,JamnÃ© Nad OrlicÃ­,Czech Republic,0.75
27,JarcovÃ¡,Czech Republic,0.76
28,Jihlava,Czech Republic,0.82
29,Jindrichuv Hradec,Czech Republic,0.83
30,KarvinÃ¡,Czech Republic,0.67
31,KobeÅice,Czech Republic,1.18
32,Kromeriz,Czech Republic,1.18
33,KutnÃ¡ Hora,Czech Republic,1.34
34,Lanskroun,Czech Republic,0.88
35,Letohrad,Czech Republic,1.18
36,Liberec,Czech Republic,1.04
37,Litomysl,Czech Republic,0.89
38,MariÃ¡nskÃ© LÃ¡znÄ,Czech Republic,1.18
39,MÄdÄnec,Czech Republic,1.18
40,MiroÅ¡ovice,Czech Republic,0.85
41,Mlada Boleslav,Czech Republic,1.18
42,NÃ¡chod,Czech Republic,0.21
43,NovÃ¡ Role,Czech Republic,0.7
44,Olomouc,Czech Republic,0.98
45,Opava,Czech Republic,0.94
46,OrlovÃ¡,Czech Republic,1.04
47,Ostrava,Czech Republic,1.18
48,Ostrov,Czech Republic,1.18
49,Pacov,Czech Republic,0.92
50,Pardubuce,Czech Republic,1.56
51,Pilsen,Czech Republic,1.06
52,Pisek,Czech Republic,0.94
53,Plzeň,Czech Republic,1.55
54,Plzen,Czech Republic,2.09
55,Pocinovice,Czech Republic,0.82
56,Prague,Czech Republic,1.49
57,ProstÅednÃ­ BeÄva,Czech Republic,0.89
58,Radimovice U Å½elÄe,Czech Republic,0.45
59,Rakovnik,Czech Republic,0.88
60,Rokytnice Nad Jizerou,Czech Republic,0.94
61,Roudnice Nad Labem,Czech Republic,0.94
62,RÃ½maÅov,Czech Republic,1.06
63,StarÃ¡ Ves,Czech Republic,0.82
64,Å tramberk,Czech Republic,1.18
65,Strizkov,Czech Republic,1.77
66,Sumperk,Czech Republic,0.82
67,SuÅ¡ice,Czech Republic,1.18
68,Svijany,Czech Republic,0.63
69,Tabor,Czech Republic,0.75
70,Tanvald,Czech Republic,0.3
71,TÅebÃ­Ä,Czech Republic,1.18
72,TÅeboÅ,Czech Republic,1.06
73,Trinec,Czech Republic,1.1
74,Usti Nad Labem,Czech Republic,1.16
75,Valasske Mezirici,Czech Republic,0.88
76,Vamberk,Czech Republic,0.85
77,VeleÅ¡Ã­n,Czech Republic,0.94
78,VÄÅ¾,Czech Republic,0.82
79,Vimperk,Czech Republic,2.38
80,Vrchotovy Janovice,Czech Republic,0.75
81,VyÅ¡kov,Czech Republic,1.18
82,Zatec,Czech Republic,0.7
83,Å½ÄÃ¡r Nad SÃ¡zavou,Czech Republic,0.97
84,Å½erÄice,Czech Republic,1.46
85,Å½iÅ¾kovo Pole,Czech Republic,0.58
86,ZlÃ­n,Czech Republic,1.04
1,Aalborg,Denmark,2.34
2,Aarhus,Denmark,5.13
3,Billund,Denmark,7.6
4,Capital Region Of Denmark,Denmark,7.45
5,Copenhagen,Denmark,7.57
6,Haslev,Denmark,5.22
7,Kastrup,Denmark,10.76
8,KlitmÃ¸ller,Denmark,5.27
9,Koege,Denmark,9.07
10,NÃ¸rre VorupÃ¸r,Denmark,5.63
11,Odense,Denmark,2.98
12,"Pinden, Aarhus",Denmark,3.73
13,Randers,Denmark,8.02
14,Roskilde,Denmark,6.3
15,SÃ¸nderborg,Denmark,9.97
16,Vejle,Denmark,5.04
17,Viborg,Denmark,7.49
18,Vinding,Denmark,3.78
19,ÃrÃ¸skÃ¸bing,Denmark,7.0
1,Djibouti,Djibouti,8.17
1,Mahaut,Dominica,2.73
2,Portsmouth,Dominica,1.68
3,Roseau,Dominica,2.73
1,Bavaro,Dominican Republic,1.5
2,Cabarete,Dominican Republic,2.25
3,Higuey,Dominican Republic,1.33
4,Puerto Plata,Dominican Republic,0.61
5,Punta Cana,Dominican Republic,6.0
6,Santiago,Dominican Republic,0.75
7,Santo Domingo,Dominican Republic,1.42
8,Sosua,Dominican Republic,5.16
1,BaÃ±os De Agua Santa,Ecuador,1.5
2,Guayaquil,Ecuador,0.45
3,Machala,Ecuador,0.3
4,Quito,Ecuador,1.12
5,Salinas,Ecuador,1.36
6,Santiago De Guayaquil,Ecuador,0.73
1,Cairo,Egypt,2.46
2,Dahab,Egypt,2.34
3,El-Gouna,Egypt,1.94
4,Hurghada,Egypt,1.19
5,Luxor,Egypt,5.45
6,Sharm El Sheikh,Egypt,4.47
7,Sharm El-Sheikh,Egypt,4.47
1,San Salvador,El Salvador,1.22
2,Santa Ana,El Salvador,0.57
1,Malabo,Equatorial Guinea,5.96
1,Asmera,Eritrea,0.69
1,Kuressaare,Estonia,2.4
2,PÃ¤rnu,Estonia,2.25
3,Rakvere,Estonia,0.58
4,Tallinn,Estonia,2.95
5,Tartu,Estonia,2.09
1,Addis Ababa,Ethiopia,0.64
2,Awassa,Ethiopia,0.57
1,Stanley,Falkland Islands,2.98
1,SvÃ­noy,Faroe Islands,4.47
2,TÃ³rshavn,Faroe Islands,7.45
3,TvÃ¸royri,Faroe Islands,5.56
1,Nadi,Fiji,2.18
2,Suva,Fiji,1.55
3,Yasawa Islands,Fiji,3.52
1,Espoo,Finland,6.48
2,Hameenlinna,Finland,6.32
3,Helsinki,Finland,7.23
4,Imatra,Finland,5.05
5,JÃ¤msÃ¤,Finland,6.48
6,Joensuu,Finland,7.03
7,JyvÃ¤skylÃ¤,Finland,5.05
8,Kerava,Finland,5.19
9,Konnevesi,Finland,6.32
10,Kouvola,Finland,5.05
11,Kuopio,Finland,4.69
12,KyyjÃ¤rvi,Finland,6.32
13,Lahti,Finland,6.32
14,Lammi,Finland,6.48
15,Lohja,Finland,5.68
16,Loimaa,Finland,5.05
17,Luvia,Finland,3.78
18,Mikkeli,Finland,5.05
19,Orimattila,Finland,7.12
20,Oulu,Finland,6.35
21,Pietarsaari,Finland,5.05
22,Porvoo,Finland,5.05
23,Riihimaki,Finland,6.06
24,Rovaniemi,Finland,5.62
25,SeinÃ¤joki,Finland,5.05
26,Tampere,Finland,6.32
27,Turku,Finland,5.05
28,Urjala,Finland,7.12
29,Vaasa,Finland,7.57
30,Varkaus,Finland,1.27
31,Vuorela,Finland,6.32
1,,France,5.87
2,Ajaccio,France,10.1
3,AmbÃ©rieu-en-Bugey,France,6.73
4,Angers,France,4.43
5,AngoulÃªme,France,8.94
6,Annecy,France,5.68
7,Antibes,France,7.03
8,Antony,France,12.13
9,Ars-sur-Moselle,France,3.87
10,Avignon,France,7.78
11,Barcelona,France,2.59
12,Beaulieu-sur-Mer,France,8.21
13,Beaune,France,5.05
14,BellÃªme,France,2.52
15,BÃ©ziers,France,6.32
16,Biarritz,France,8.94
17,Biot,France,8.42
18,Blagnac,France,8.48
19,Bonifacio,France,6.32
20,Bordeaux,France,7.72
21,Bourg St Maurice,France,7.12
22,Bourg-en-Bresse,France,6.35
23,Brest,France,5.56
24,BrianÃ§on,France,9.69
25,Cahors,France,4.47
26,Calais,France,6.71
27,Cannes,France,9.15
28,Cannis,France,1.49
29,Carcassonne,France,6.94
30,ChambÃ©ry,France,6.94
31,Chamonix,France,7.03
32,Charleville-MÃ©ziÃ¨res,France,4.17
33,Clusaz,France,8.2
34,Croissy-sur-Seine,France,1.49
35,Dijon,France,7.57
36,Garches,France,3.16
37,Grenoble,France,6.2
38,Guingamp,France,5.05
39,Honfleur,France,10.28
40,Ãle-de-France,France,11.18
41,La Rochelle,France,6.48
42,Lacanau,France,8.42
43,Lannion,France,7.44
44,Laval,France,8.42
45,Le Havre,France,6.18
46,Le Mans,France,6.41
47,Les Contamines-Montjoie,France,6.94
48,Lestrem,France,2.52
49,Lille,France,6.32
50,Limoges,France,4.43
51,LodÃ¨ve,France,3.16
52,Lourdes,France,8.2
53,LuÃ§on,France,5.05
54,Lyon,France,6.32
55,MÃ¢con,France,7.78
56,Marseille,France,8.84
57,Megeve,France,12.96
58,Menton,France,5.87
59,Metz,France,3.37
60,MontgenÃ¨vre,France,8.22
61,Montpellier,France,6.32
62,Nantes,France,4.66
63,Narbonne,France,4.23
64,Nice,France,8.94
65,Paris,France,8.7
66,Parisse,France,1.49
67,Perpignan,France,1.94
68,Port-en-Bessin-Huppain,France,6.82
69,Quimper,France,5.68
70,Rambouillet,France,8.42
71,Reims,France,8.25
72,Rennes,France,6.41
73,Rochelle,France,3.78
74,Rouen,France,6.71
75,Saint-Malo,France,7.57
76,Saint-Martin-de-Belleville,France,8.2
77,Saint-Maurice-de-RÃ©mens,France,5.71
78,Saint-Tropez,France,9.48
79,Strasbourg,France,5.87
80,Tignes,France,10.43
81,Toulouse,France,8.76
82,Tours,France,3.78
83,Troyes,France,8.97
84,Vaujany,France,2.85
85,VÃ©zac,France,6.2
1,Cayenne,French Guiana,1.18
1,Huahine,French Polynesia,4.89
2,Papeete,French Polynesia,7.45
3,Windward Islands,French Polynesia,4.5
1,Port-Gentil,Gabon,0.75
2,Red Deer,Gabon,4.62
1,Banjul,Gambia,1.27
2,Farafenni,Gambia,1.19
3,Gambia,Gambia,2.98
4,Serrekunda,Gambia,1.27
1,Akhaltsikhe,Georgia,1.01
2,Batumi,Georgia,0.8
3,Tbilisi,Georgia,1.53
1,Aachen,Germany,3.52
2,Aalen,Germany,2.52
3,Aschaffenburg,Germany,2.56
4,Augsburg,Germany,3.53
5,Bad Ems,Germany,2.28
6,Bamberg,Germany,2.59
7,Bayreuth,Germany,1.3
8,Berlin,Germany,3.75
9,Biberach,Germany,7.78
10,Bitburg,Germany,2.52
11,Bonn,Germany,2.15
12,Braunschweig,Germany,3.23
13,Bremen,Germany,3.87
14,Brunswick,Germany,2.59
15,Cochem,Germany,4.47
16,Cologne,Germany,4.62
17,Constance,Germany,5.04
18,Darmstadt,Germany,3.89
19,Delmenhorst,Germany,3.28
20,Dortmund,Germany,3.52
21,Dresden,Germany,3.46
22,Dusseldorf,Germany,3.78
23,Ellingen,Germany,2.34
24,Eppstein,Germany,3.52
25,Flensburg,Germany,3.16
26,Frankfurt,Germany,5.19
27,Freiberg,Germany,2.52
28,Freiburg,Germany,4.02
29,Friedrichshafen,Germany,3.2
30,Gaienhofen,Germany,2.52
31,Garmisch-Partenkirchen,Germany,1.27
32,Gelsenkirchen,Germany,3.89
33,Greven,Germany,4.04
34,Hamburg,Germany,3.78
35,Hannover,Germany,3.89
36,Hanover,Germany,3.37
37,Heidelberg,Germany,2.59
38,Illingen,Germany,2.52
39,Ingolstadt,Germany,3.78
40,Iserlohn,Germany,2.52
41,Jena,Germany,2.65
42,Karlsruhe,Germany,3.89
43,Kaufbeuren,Germany,2.59
44,Kehl,Germany,3.84
45,Kemnath,Germany,1.52
46,Korntal-MÃ¼nchingen,Germany,0.95
47,Korschenbroich,Germany,2.52
48,Krefeld,Germany,2.59
49,Leipzig,Germany,3.89
50,Lohne,Germany,1.8
51,LÃ¼nne,Germany,2.52
52,Magdeburg,Germany,2.52
53,Mannheim,Germany,4.62
54,Marburg,Germany,2.94
55,Mayence,Germany,3.9
56,Meppen,Germany,3.78
57,Monheim,Germany,3.78
58,Munich,Germany,3.78
59,Muniuch,Germany,4.14
60,Neuzelle,Germany,2.59
61,Nuremberg,Germany,2.77
62,Paderborn,Germany,3.78
63,Pforzheim,Germany,2.52
64,Ratisbon,Germany,3.22
65,Ravensburg,Germany,2.89
66,Regensburg,Germany,2.56
67,Reisbach,Germany,2.34
68,Rostock,Germany,3.16
69,SaarbrÃ¼cken,Germany,5.17
70,Schauenstein,Germany,1.18
71,Selbitz,Germany,2.4
72,Speyer,Germany,2.91
73,Straubing,Germany,2.34
74,Stuttgart,Germany,3.89
75,Thurland,Germany,2.52
76,TÃ¼bingen,Germany,3.28
77,Ulm,Germany,3.78
78,Weissenburg,Germany,2.34
79,Wetzlar,Germany,3.78
80,Xanten,Germany,3.52
1,Accra,Ghana,2.47
2,Cape Coast,Ghana,2.98
3,Kumasi,Ghana,2.94
4,Nkawkaw,Ghana,0.82
5,Takoradi,Ghana,0.91
1,Gibraltar,Gibraltar,3.87
1,Agios Nikolaos,Greece,5.05
2,Alexandropolis,Greece,4.43
3,Ano Symi,Greece,7.45
4,Argostolion,Greece,4.32
5,Athens,Greece,6.48
6,Cephalonia,Greece,1.76
7,Chalandri,Greece,6.94
8,Chania,Greece,6.48
9,Chora,Greece,2.98
10,Corfu,Greece,3.62
11,Crete,Greece,3.78
12,Cyclades,Greece,8.94
13,Dodecanese Islands,Greece,7.45
14,Elio-Proni,Greece,1.18
15,Esperii,Greece,1.27
16,Fira,Greece,4.8
17,Florina,Greece,1.27
18,Heraklion,Greece,5.05
19,Ierapetra,Greece,1.4
20,Iraklion,Greece,4.83
21,Kallithea,Greece,3.16
22,Kalymnos,Greece,4.47
23,Kardamyla,Greece,2.52
24,Karditsa,Greece,3.78
25,Kavos,Greece,6.32
26,Khania,Greece,3.47
27,Kos,Greece,3.8
28,Kos Town,Greece,5.19
29,"Kos. Crete, Kefalonia",Greece,7.78
30,Lindos,Greece,4.43
31,Makedonia Thraki,Greece,3.89
32,Malia,Greece,2.43
33,Methoni,Greece,2.52
34,Myrtos,Greece,2.77
35,Oia,Greece,5.87
36,Parga,Greece,5.05
37,Paros,Greece,3.23
38,Pefcos,Greece,4.53
39,Rethimnon,Greece,2.52
40,Rhodes,Greece,3.23
41,Serrai,Greece,3.52
42,Skiathos,Greece,4.47
43,Skiathos Town,Greece,3.23
44,Taminei,Greece,3.78
45,"Thassos,potos,limenas.",Greece,6.32
46,Thessalonika,Greece,5.05
47,"Tilos, Dodecanese",Greece,3.23
48,Tingaki,Greece,3.75
49,Zakinthos,Greece,4.47
50,Zakynthos,Greece,5.22
1,Ilulissat,Greenland,7.45
2,Nuuk,Greenland,10.04
3,Tasiilaq,Greenland,11.18
1,Gouyave,Grenada,2.24
2,St George Parish,Grenada,2.24
3,St Georges,Grenada,2.98
1,Basse-Terre,Guadeloupe,8.33
2,Capesterre,Guadeloupe,6.41
3,Saint-Claude,Guadeloupe,6.14
1,HagÃ¥tÃ±a,Guam,1.49
2,Tamuning,Guam,7.0
1,Antigua,Guatemala,1.88
2,Guatemala,Guatemala,1.15
1,Conakry,Guinea,0.6
2,Sangaredi,Guinea,2.25
1,Georgetown,Guyana,1.5
1,GwomÃ²n,Haiti,0.91
2,Labadee,Haiti,1.12
1,CopÃ¡n Ruinas,Honduras,0.79
2,Gracias A Dios,Honduras,0.75
3,San Pedro Sula,Honduras,0.57
4,Tegucigalpa,Honduras,0.79
5,Utila,Honduras,1.12
6,West End,Honduras,0.97
1,Central,Hong Kong,3.65
2,Happy Valley,Hong Kong,5.86
3,Hong Kong,Hong Kong,5.74
4,Hong Kong Island,Hong Kong,5.17
5,Kowloon,Hong Kong,6.56
6,Lamma Island,Hong Kong,2.91
7,Lantau Island,Hong Kong,4.4
8,Tsim Sha Tsui,Hong Kong,6.53
9,Tsuen Wan,Hong Kong,1.64
10,Victoria,Hong Kong,3.73
11,Wan Chai,Hong Kong,5.13
12,Wanchai,Hong Kong,6.44
1,Bangaloe,Hungary,1.09
2,Budapest,Hungary,1.8
3,CsemÅ,Hungary,1.13
4,Debrecen,Hungary,1.22
5,Eger,Hungary,1.27
6,Esztergom,Hungary,1.34
7,GÃ¶dÃ¶llÅ,Hungary,1.49
8,HajdÃºbÃ¶szÃ¶rmÃ©ny,Hungary,1.01
9,HÅgyÃ©sz,Hungary,0.91
10,MezÅkÃ¶vesd,Hungary,1.27
11,Siofok,Hungary,1.89
12,Szeged,Hungary,1.39
13,Szihalom,Hungary,1.49
14,Szolnok,Hungary,1.27
15,TamÃ¡si,Hungary,1.4
16,Tarnok,Hungary,0.91
17,Veszprem,Hungary,1.3
1,Myvatn,Iceland,7.45
2,Reyjkvic,Iceland,8.34
3,Reykjavik,Iceland,5.9
4,Seltjarnarnes,Iceland,3.78
1,Bengaluru,India,1.76
2,Bhopal,India,2.74
3,Bikaner,India,1.12
4,Calangute,India,1.52
5,Candolim,India,1.65
6,Chandigarh,India,0.91
7,Chennai,India,1.27
8,Coimbatore,India,1.09
9,Daman,India,0.45
10,Delhi,India,1.3
11,Faridabad,India,1.49
12,Goa,India,1.01
13,Gwalior,India,1.67
14,Haridwar,India,1.56
15,Hyderabad,India,1.49
16,Indore,India,1.82
17,Jabalpur,India,1.94
18,Jaipur,India,1.48
19,Kanpur,India,1.82
20,Katswhiskas,India,1.34
21,Kerala,India,1.31
22,Kochi,India,1.76
23,Kolkata,India,1.21
24,Mangalore,India,1.37
25,Mumbai,India,1.31
26,New Dehli,India,2.98
27,New Delhi,India,0.91
28,Panaji,India,0.48
29,Patna,India,7.0
30,Phagwara,India,1.49
31,Pondicherry,India,0.91
32,Pune,India,1.5
33,Vijayawada,India,1.12
1,Bali,Indonesia,1.16
2,Balikpapan,Indonesia,2.86
3,Bandung,Indonesia,1.58
4,Bukit Lawang,Indonesia,2.59
5,Denpasar,Indonesia,1.86
6,Indonesia,Indonesia,2.25
7,Jakarta Capital Region,Indonesia,3.16
8,Karimun,Indonesia,1.49
9,Kupang,Indonesia,1.83
10,Kuta,Indonesia,1.31
11,Mataram,Indonesia,2.98
12,Medan,Indonesia,2.25
13,Moluccas,Indonesia,2.18
14,Surabaya,Indonesia,1.49
15,Surakarta,Indonesia,1.27
16,Ubud,Indonesia,1.3
17,West Nusa Tenggara,Indonesia,2.98
1,Dayyer,Iran,2.73
2,GarmsÄr,Iran,7.49
3,Karaj,Iran,2.98
4,Mashhad,Iran,9.54
5,Shiraz,Iran,6.36
6,Tehran,Iran,8.0
1,Arbil,Iraq,1.5
2,Baghdad,Iraq,1.13
3,Basra,Iraq,3.73
1,Fitzsimons,Ireland,7.64
2,Adare,Ireland,4.92
3,Armagh,Ireland,4.77
4,Athlone,Ireland,4.95
5,Bagenalstown,Ireland,4.46
6,Ballina,Ireland,3.87
7,Ballinaspig,Ireland,4.23
8,Ballinrobe,Ireland,4.86
9,Bandon,Ireland,4.92
10,Belfast,Ireland,5.29
11,"Blackrock, Co.Dublin",Ireland,6.48
12,Buncrana,Ireland,5.19
13,Bundoran,Ireland,5.71
14,Carrick-on-Shannon,Ireland,5.05
15,Carrick-on-Suir,Ireland,5.83
16,Castlebar,Ireland,4.17
17,Castlegregory,Ireland,5.44
18,Claremorris,Ireland,5.05
19,Clonakilty,Ireland,4.86
20,Clones,Ireland,3.73
21,Clonmel,Ireland,5.51
22,Connaught,Ireland,4.68
23,Cootehill,Ireland,3.78
24,Cork,Ireland,5.3
25,County Kilkenny,Ireland,4.8
26,Derry,Ireland,4.99
27,Donegal,Ireland,5.05
28,Drogheda,Ireland,5.38
29,Dublin,Ireland,6.57
30,Dun Laoghaire,Ireland,4.11
31,Dunboyne,Ireland,6.21
32,Dundalk,Ireland,3.16
33,Galway,Ireland,5.05
34,Howth,Ireland,3.9
35,Innishannon,Ireland,6.21
36,Kenmare,Ireland,4.8
37,Kildare,Ireland,7.3
38,Kilkenny,Ireland,5.05
39,Killarney,Ireland,5.71
40,Kinnegad,Ireland,5.36
41,Letterfrack,Ireland,5.05
42,Letterkenny,Ireland,5.44
43,Limerick,Ireland,5.36
44,Listowel,Ireland,5.05
45,Longford,Ireland,5.83
46,Lucan,Ireland,5.57
47,Macroom,Ireland,5.05
48,Manorhamilton,Ireland,3.78
49,Mullingar Co Westmeath,Ireland,6.48
50,Munster,Ireland,3.87
51,Naas,Ireland,5.3
52,Navan,Ireland,5.36
53,Newry,Ireland,4.54
54,Oughterard,Ireland,3.78
55,Portlaoise,Ireland,6.65
56,Roscommon,Ireland,5.19
57,Sligo,Ireland,4.93
58,Stillorgan,Ireland,6.38
59,Swords,Ireland,6.08
60,Tallaght,Ireland,5.83
61,Temple Bar,Ireland,7.78
62,Tralee,Ireland,6.35
63,Trim,Ireland,5.3
64,Virginia,Ireland,5.96
65,Waterfford,Ireland,5.44
66,Waterford,Ireland,5.68
67,Westport,Ireland,5.05
68,Wexford,Ireland,5.07
69,Wicklow,Ireland,5.69
1,Ashdod,Israel,7.78
2,Bat Yam,Israel,6.94
3,Beersheba,Israel,7.05
4,Haifa,Israel,6.54
5,Herzliyya,Israel,10.21
6,Jerusalem,Israel,7.45
7,Karmiel,Israel,6.75
8,Kefar Sava,Israel,8.94
9,Kiryat Shmona,Israel,3.47
10,Netanya,Israel,6.06
11,Qiryat Shemona,Israel,9.46
12,Ra'anana,Israel,npriced
13,Rehovot,Israel,9.54
14,Rishon LeZion,Israel,9.54
15,T-A,Israel,9.98
16,Tel Aviv,Israel,9.39
17,Tel-aviv,Israel,8
1,Alessandria,Italy,5.27
2,Alghero,Italy,4.11
3,Amalfi,Italy,5.22
4,Arzachena,Italy,5.87
5,Avellino,Italy,6.48
6,Bari,Italy,2.86
7,Bellagio,Italy,5.05
8,Bologna,Italy,6.15
9,Brescia,Italy,5.05
10,Brindisi,Italy,2.52
11,Catania,Italy,7.57
12,Como,Italy,4.53
13,Conversano,Italy,5.05
14,FiÃ© Allo Sciliar,Italy,5.19
15,Firenze,Italy,6.48
16,Florence,Italy,5.36
17,Garda,Italy,6.71
18,Gorizia,Italy,2.91
19,La Thuile,Italy,7.45
20,Lodi,Italy,5.05
21,Maniago,Italy,5.19
22,Martina Franca,Italy,2.22
23,Milan,Italy,6.41
24,Milano,Italy,3.89
25,Naples,Italy,2.52
26,Napoli,Italy,1.49
27,Novara,Italy,5.19
28,Padua,Italy,6.48
29,Palestrina,Italy,6.48
30,Parma,Italy,5.05
31,Pavia,Italy,6.32
32,Pinzolo,Italy,7.45
33,Pisa,Italy,6.41
34,Positano,Italy,6.48
35,Prato,Italy,6.32
36,Ravenna,Italy,6.32
37,Reggio Emilia,Italy,5.05
38,Rome,Italy,6.41
39,San Michele Al Tagliamento,Italy,3.78
40,San Salvo,Italy,4.47
41,Sassari,Italy,5.68
42,Sestriere,Italy,5.87
43,Sienna,Italy,6.32
44,Sorrento,Italy,7.0
45,Syracuse,Italy,6.41
46,Taormina,Italy,9.69
47,Torino,Italy,6.32
48,Trento,Italy,5.19
49,Trieste,Italy,3.52
50,Turin,Italy,6.48
51,Udine,Italy,6.48
52,Venice,Italy,7.78
53,Verona,Italy,5.9
1,Abidjan,Ivory Coast,3.01
1,Kingston,Jamaica,2.99
2,Montego Bay,Jamaica,2.25
1,Chiba,Japan,7.75
2,Fukuoka,Japan,6.79
3,Iwakuni,Japan,3.74
4,Kobe,Japan,4.68
5,Kumamoto,Japan,5.22
6,Kyoto,Japan,7.81
7,Matsuyama,Japan,4.4
8,Misawa,Japan,8.17
9,Miyazaki,Japan,4.5
10,Nagano,Japan,5.05
11,Nagoya,Japan,6.87
12,Narita,Japan,9.69
13,Niigata,Japan,3.52
14,Okinawa Prefecture,Japan,4.53
15,Osaka,Japan,4.41
16,Sapporo,Japan,3.74
17,Sendai,Japan,2.52
18,Takamatsu,Japan,5.01
19,Tokyo,Japan,6.32
20,Wakayama,Japan,3.37
21,Wakkanai,Japan,4.47
22,Yokohama,Japan,5.83
23,Yokosuka,Japan,4.01
1,Amman,Jordan,5.24
2,Aqaba,Jordan,6.08
1,Almaty,Kazakhstan,0.8
2,Astana,Kazakhstan,0.72
3,Atyrau,Kazakhstan,2.56
4,Karaganda,Kazakhstan,0.89
5,Rudnyy,Kazakhstan,0.55
1,Eldoret,Kenya,1.28
2,Kilifi,Kenya,1.65
3,Machakos,Kenya,1.4
4,Malava,Kenya,0.91
5,Mombasa,Kenya,1.49
6,Nairobi,Kenya,1.39
7,Ruiru,Kenya,0.94
1,Kiribati,Kiribati,2.62
1,Pyongyang,Korea N,0.57
1,Busan,Korea S,2.98
2,Daegu,Korea S,2.37
3,Mokpo-si,Korea S,3.73
4,Seoul,Korea S,1.86
5,Uijeongbu-si,Korea S,4.22
6,Ulsan,Korea S,2.94
1,Gjakova,Kosovo,1.3
2,Prishtina,Kosovo,1.76
3,Pristina,Kosovo,1.64
1,Al Asimah,Kuwait,7.45
2,Kuwait City,Kuwait,2.99
1,Bishkek,Kyrgyzstan,1.5
2,Tokmok,Kyrgyzstan,1.49
1,Champassack,Laos,1.27
2,Luang Prabang,Laos,1.43
3,Vang Vieng,Laos,1.73
4,Vientiane,Laos,0.91
1,Liepaja,Latvia,1.76
2,Riga,Latvia,3.31
3,Saulkrasti,Latvia,1.49
4,Ventspils,Latvia,2.24
1,Alay,Lebanon,1.5
2,Beirut,Lebanon,1.5
1,Maseru,Lesotho,1.07
1,Monrovia,Liberia,1.12
1,Sabratah,Libya,5.87
2,Tripoli,Libya,4.05
1,Mauren,Liechtenstein,2.34
2,Triesenberg,Liechtenstein,3.52
3,Vaduz,Liechtenstein,4.71
1,Druskininkai,Lithuania,1.7
2,Kaunas,Lithuania,1.89
3,Klaipeda,Lithuania,1.7
4,Trakai Island Castle,Lithuania,2.59
5,Vilnius,Lithuania,2.01
6,Vilnius (Lithuania),Lithuania,3.23
1,Diekirch,Luxembourg,4.11
2,Dudelange,Luxembourg,2.52
3,Larochette,Luxembourg,4.17
4,Luxembourg,Luxembourg,4.02
5,Luxembourg Main Square (pizza Hut),Luxembourg,3.4
6,Luxemburg City,Luxembourg,7.12
7,Remich,Luxembourg,2.12
8,Vianden,Luxembourg,4.1
1,Macau,Macau,1.73
2,Taipa,Macau,5.96
1,Berovo,Macedonia,1.18
2,Bitola,Macedonia,1.52
3,Debar,Macedonia,0.94
4,Delcevo,Macedonia,1.19
5,Gevgelija,Macedonia,1.18
6,Gostivar,Macedonia,1.18
7,Kavadarci,Macedonia,0.82
8,Kocani,Macedonia,1.18
9,Kumanovo,Macedonia,1.18
10,Negotino,Macedonia,0.82
11,Ohrid,Macedonia,1.52
12,Prilep,Macedonia,1.18
13,ProbiÅ¡tip,Macedonia,0.94
14,Skopje,Macedonia,1.7
15,"Skopje, R.Macedonia",Macedonia,1.68
16,Stip,Macedonia,0.94
17,Strumica,Macedonia,1.18
1,Antananarivo,Madagascar,0.57
1,Funchal,Madeira,4.02
2,Madeira,Madeira,1.18
3,Santa Cruz,Madeira,1.12
1,Blantyre,Malawi,1.31
2,Lake Malawi,Malawi,1.5
3,Lilongwe,Malawi,1.79
4,Southern Region,Malawi,1.27
1,Georgetown,Malaysia,6.17
2,Johor,Malaysia,6.09
3,Johor Bahru,Malaysia,3.04
4,Kajang,Malaysia,4.6
5,Kota Kinabalu,Malaysia,5.96
6,Kuala Lumpir,Malaysia,9.69
7,Kuala Lumpur,Malaysia,5.19
8,Kuantan,Malaysia,3.61
9,Kuching,Malaysia,3.84
10,Labuan,Malaysia,1.5
11,Langkawi,Malaysia,2.49
12,Lumut,Malaysia,3.02
13,Melaka,Malaysia,3.16
14,Penang,Malaysia,6.44
15,Perhentian Besar,Malaysia,3.13
16,Petaling Jaya,Malaysia,5.97
17,Pulau Pinang,Malaysia,2.88
1,Fihaalhohi,Maldives,2.73
2,Hulumale,Maldives,11.5
3,MalÃ©,Maldives,6.36
1,Bamako,Mali,1.12
1,BuÄ¡ibba,Malta,1.89
2,Marsaskala,Malta,4.69
3,Mellieha,Malta,2.59
4,Mosta,Malta,3.73
5,Msida,Malta,2.94
6,Pembroke,Malta,1.76
7,Qawra,Malta,3.89
8,Saint Lawrence,Malta,3.53
9,Sliema,Malta,2.77
10,St Julian's,Malta,npriced
11,St Julians,Malta,2.24
12,Valletta,Malta,2.34
13,Victoria,Malta,3.53
1,Fort-de-France,Martinique,5.87
1,Grand Baie,Mauritius,2.44
2,Trou Aux Biches,Mauritius,1.27
1,Acapulco,Mexico,0.69
2,Cabo San Lucas,Mexico,1.64
3,Cancun,Mexico,3.49
4,Chihuahua,Mexico,1.5
5,Colima,Mexico,1.52
6,Cozumel,Mexico,1.82
7,Cuernavaca,Mexico,1.27
8,Culiacan,Mexico,1.27
9,DF,Mexico,0.98
10,Ensenada,Mexico,3.64
11,Hermosillo,Mexico,1.82
12,Huatulco,Mexico,1.45
13,Iguala De La Independencia,Mexico,0.54
14,Ixtapa,Mexico,1.4
15,La Paz,Mexico,1.82
16,"Leon, GT (MX)",Mexico,2.99
17,Mazatlan,Mexico,1.36
18,Mexico,Mexico,2.24
19,Mexico City,Mexico,1.91
20,Monterrey,Mexico,0.73
21,Oaxaca,Mexico,1.82
22,Piedras Negras,Mexico,1.82
23,Playa Del Carmen,Mexico,1.73
24,Puebla,Mexico,0.91
25,Puerto Escondid,Mexico,1.36
26,Puerto Vallarta,Mexico,1.22
27,Queretaro,Mexico,1.25
28,Saltillo,Mexico,1.36
29,Taxco,Mexico,1.49
30,Tijuana,Mexico,0.82
31,Toluca,Mexico,1.0
32,Toluca De Lerdo,Mexico,1.04
1,Colonia,Micronesia,3.99
2,Koror,Micronesia,2.62
1,Chisinau,Moldova,0.86
2,Tiraspol,Moldova,1.49
3,VulcÄnesti,Moldova,0.7
1,Monaco,Monaco,2.24
2,Pisteoff,Monaco,6.71
1,Ulaanbaatar,Mongolia,1.37
1,Bar,Montenegro,1.94
2,Budva,Montenegro,3.23
3,Herceg Novi,Montenegro,2.26
4,Kotor,Montenegro,1.79
5,Petrovac,Montenegro,2.4
6,Podgorica,Montenegro,1.7
7,Prcanj,Montenegro,2.38
8,Tivat,Montenegro,1.94
1,Agadir,Morocco,4.47
2,Casablanca,Morocco,1.46
3,El Jadida,Morocco,1.76
4,Essaouira,Morocco,4.69
5,Fez,Morocco,4.2
6,Marrakesh,Morocco,5.38
7,Medina,Morocco,5.96
1,Beira,Mozambique,0.82
2,Maputo,Mozambique,1.19
3,Vilankulos,Mozambique,0.89
1,Mandalay,Myanmar,0.46
2,Yangon,Myanmar,1.19
1,Swakopmund,Namibia,1.46
2,Windhoek,Namibia,1.19
1,Kathmandu,Nepal,2.26
2,Patan,Nepal,2.52
3,Pokhara,Nepal,3.73
1,'S Hertogenbosch,Netherlands,npriced
2,'s-Heerenberg,Netherlands,npriced
3,'s-Hertochenbosch,Netherlands,npriced
4,'s-Hertogenbosch,Netherlands,npriced
5,A Gen Baan,Netherlands,2.03
6,Aalten,Netherlands,2.15
7,Abcoude,Netherlands,2.52
8,Alkmaar,Netherlands,4.98
9,Almelo,Netherlands,4.5
10,Almere,Netherlands,2.59
11,Alphen,Netherlands,2.03
12,Alphen Aan Den Rijn,Netherlands,2.64
13,Amersfoort,Netherlands,2.53
14,Amstelveen,Netherlands,3.16
15,Amsterdam,Netherlands,5.78
16,Apeldoorn,Netherlands,2.59
17,Arnhem,Netherlands,2.52
18,Assen,Netherlands,2.77
19,Baarn,Netherlands,3.16
20,Bergen Op Zoom,Netherlands,2.52
21,Berkel En Rodenrijs,Netherlands,2.52
22,Best,Netherlands,2.15
23,Bilthoven,Netherlands,0.63
24,Bornerbroek,Netherlands,1.27
25,Bovenkerk,Netherlands,2.85
26,Boxtel,Netherlands,3.11
27,Breda,Netherlands,2.28
28,Bruinisse,Netherlands,2.65
29,Brummen,Netherlands,0.15
30,Budel,Netherlands,2.12
31,Burgh-Haamstede,Netherlands,2.46
32,Cuijk,Netherlands,6.63
33,Dalen,Netherlands,2.34
34,Dedemsvaart,Netherlands,1.27
35,Delft,Netherlands,2.52
36,Delfzijl,Netherlands,3.78
37,Den Dolder,Netherlands,1.28
38,Den Haag,Netherlands,5.87
39,Deurne,Netherlands,2.15
40,Deventer,Netherlands,2.59
41,Dieren,Netherlands,1.27
42,Dimaheefteenkleinelul,Netherlands,12.93
43,Ditbestaatniet,Netherlands,2.98
44,Dordrecht,Netherlands,2.56
45,Drachten,Netherlands,1.18
46,Drunen,Netherlands,3.16
47,Ede,Netherlands,2.52
48,Eijsden,Netherlands,2.03
49,Eindhoven,Netherlands,2.52
50,Enschede,Netherlands,2.52
51,Gennep,Netherlands,1.27
52,Giessen-Oudekerk,Netherlands,1.89
53,Gorinchem,Netherlands,2.53
54,Gouda,Netherlands,2.52
55,Groningen,Netherlands,2.65
56,Haarlem,Netherlands,2.77
57,Halsteren,Netherlands,2.85
58,Haps,Netherlands,2.28
59,Harderwijk,Netherlands,2.52
60,Harlingen,Netherlands,2.59
61,Heiloo,Netherlands,2.52
62,Helmond,Netherlands,2.21
63,Hengelo,Netherlands,2.28
64,Hilversum,Netherlands,3.67
65,Hoorn,Netherlands,2.65
66,Horst,Netherlands,2.4
67,Kerkrade,Netherlands,2.03
68,Klarendal,Netherlands,2.28
69,Krispijn,Netherlands,2.4
70,Leeuwarden,Netherlands,2.03
71,Leiden,Netherlands,3.23
72,Leimuiden,Netherlands,2.4
73,Lemelerveld,Netherlands,1.27
74,Lepelstraat,Netherlands,2.21
75,Lichtenvoorde,Netherlands,2.52
76,Lonneker,Netherlands,4.17
77,Maastricht,Netherlands,2.59
78,Made,Netherlands,2.28
79,Meerlo,Netherlands,2.21
80,Middelharnis,Netherlands,2.34
81,Mierlo,Netherlands,2.52
82,Mijdrecht,Netherlands,3.16
83,Mill,Netherlands,2.46
84,Monnickendam,Netherlands,2.77
85,Monster,Netherlands,1.27
86,Nijmegen,Netherlands,2.59
87,Noordwijkerhout,Netherlands,2.52
88,Oldenzaal,Netherlands,2.07
89,Ommen,Netherlands,2.52
90,Oosterend,Netherlands,4.54
91,Ootmarsum,Netherlands,2.98
92,Ossendrecht,Netherlands,2.59
93,Oud-Leusden,Netherlands,11.71
94,Papendrecht,Netherlands,3.16
95,Parken,Netherlands,3.23
96,Raamsdonksveer,Netherlands,2.52
97,Rijssen,Netherlands,5.56
98,Roden,Netherlands,1.27
99,Roermond,Netherlands,2.49
100,Roosendaal,Netherlands,2.65
101,Rosmalen,Netherlands,1.27
102,Rotterdam,Netherlands,2.77
103,S'Hertogenbosch,Netherlands,npriced
104,S-hertogenbosch,Netherlands,2.98
105,Schagen,Netherlands,2.52
106,Schelle,Netherlands,2.65
107,Schiphol,Netherlands,7.78
108,Schoonebeek,Netherlands,1.27
109,Sneek,Netherlands,2.52
110,Soest,Netherlands,2.52
111,Soesterberg,Netherlands,1.3
112,Spijkenisse,Netherlands,4.04
113,Terneuzen,Netherlands,1.27
114,The Hague,Netherlands,2.52
115,Tilburg,Netherlands,2.52
116,Uithoorn,Netherlands,6.47
117,Utrecht,Netherlands,4.04
118,Valkenswaard,Netherlands,1.27
119,Venlo,Netherlands,2.34
120,Venray,Netherlands,2.28
121,Vierlingsbeek,Netherlands,1.45
122,Vlaardingen,Netherlands,2.59
123,Vleuten,Netherlands,2.52
124,Volendam,Netherlands,2.52
125,Voorschoten,Netherlands,2.52
126,Waalwijk,Netherlands,2.77
127,Wageningen,Netherlands,2.03
128,Weert,Netherlands,1.3
129,Wijhe,Netherlands,2.21
130,Wijlre,Netherlands,2.59
131,Winterswijk,Netherlands,2.28
132,Woerden,Netherlands,2.77
133,Zaandam,Netherlands,3.49
134,Zandvoort,Netherlands,2.28
135,Zoetermeer,Netherlands,2.52
136,Zutphen,Netherlands,2.73
137,Zwaffeloo,Netherlands,8.21
138,Zwartebroek,Netherlands,0.88
139,Zwolle,Netherlands,2.52
1,CuraÃ§ao,Netherlands Antilles,0.94
2,Kralendijk,Netherlands Antilles,6.94
3,St Maarten,Netherlands Antilles,1.88
4,Willemstad,Netherlands Antilles,4.69
1,Noumea,New Caledonia,6.75
1,Auckland,New Zealand,5.74
2,Auckland (Viaduct Harbour,New Zealand,8.73
3,Auckland Airport,New Zealand,6.85
4,Blenheim,New Zealand,4.84
5,Cambridge,New Zealand,6.41
6,Christchurch,New Zealand,5.96
7,Dunedin,New Zealand,6.71
8,Geraldine,New Zealand,2.98
9,Gisborne,New Zealand,2.98
10,Hamilton,New Zealand,5.66
11,Hastings,New Zealand,7.45
12,Kingston,New Zealand,2.98
13,Napier,New Zealand,4.1
14,Nelson,New Zealand,4.01
15,Palmerston North,New Zealand,6.26
16,Papakura,New Zealand,2.18
17,Paraparaumu,New Zealand,1.18
18,Queenstown,New Zealand,4.6
19,Ranfurly,New Zealand,4.26
20,Rotorua,New Zealand,6.71
21,Tauranga,New Zealand,4.65
22,Waiuku,New Zealand,2.22
23,Wellington,New Zealand,3.71
1,Granada,Nicaragua,1.12
2,Jinotega,Nicaragua,0.6
3,Leon,Nicaragua,0.67
4,San Juan Del Sur,Nicaragua,0.91
1,Niamey,Niger,1.12
1,Abuja,Nigeria,2.28
2,Bonny,Nigeria,1.4
3,Delta,Nigeria,1.28
4,Lagos,Nigeria,1.49
5,Onitsha,Nigeria,11.23
6,Onne,Nigeria,1.3
1,Aalesund,Norway,12.98
2,Akershus,Norway,11.92
3,Ãlesund,Norway,10.43
4,Alta,Norway,12.62
5,Andselv,Norway,11.92
6,Aremark,Norway,8.34
7,Asker,Norway,8.94
8,Aust-Agder,Norway,10.0
9,Bergen,Norway,10.43
10,Bodo,Norway,11.92
11,BodÃ¸,Norway,10.12
12,Bryne,Norway,11.65
13,Drammen,Norway,8.87
14,Egersund,Norway,10.1
15,Elverum,Norway,10.43
16,Finnmark,Norway,10.1
17,FosnavÃ¥g,Norway,10.43
18,Fredrikstad,Norway,11.92
19,GjÃ¸vik,Norway,11.92
20,Halden,Norway,10.43
21,Hamar,Norway,9.39
22,Hammerfest,Norway,10.91
23,Harstad,Norway,11.65
24,Haugesund,Norway,10.88
25,HavÃ¸ysund,Norway,11.37
26,Hedmark,Norway,11.92
27,HonningsvÃ¥g,Norway,7.45
28,Hordaland,Norway,10.43
29,Horten,Norway,10.43
30,HÃ¸nefoss,Norway,5.3
31,Knarvik,Norway,11.96
32,Korshamn,Norway,8.84
33,Kristiansand,Norway,8.94
34,Kristiansund,Norway,11.18
35,Levanger,Norway,11.01
36,Lillehammer,Norway,10.43
37,LillestrÃ¸m,Norway,8.94
38,Longyearbyen,Norway,5.44
39,Molde,Norway,10.76
40,Moss,Norway,11.01
41,Narvik,Norway,11.03
42,Olo,Norway,11.92
43,Oppland,Norway,9.69
44,Oslo,Norway,8.94
45,Ostfold,Norway,7.45
46,Otta,Norway,10.43
47,Ottestad,Norway,9.69
48,Porsgrunn,Norway,8.94
49,Ramberg,Norway,9.0
50,Rena,Norway,11.92
51,Sandefjord,Norway,9.15
52,Sandnes,Norway,11.92
53,Sarpsborg,Norway,8.25
54,Setermoen,Norway,8.76
55,Ski,Norway,11.18
56,Skien,Norway,5.84
57,Stabekk,Norway,11.58
58,Stavanger,Norway,10.43
59,Steinkjer,Norway,7.57
60,SvolvÃ¦r,Norway,8.94
61,Tonsberg,Norway,11.03
62,Tromso,Norway,11.37
63,TromsÃ¸,Norway,8.88
64,Trondheim,Norway,10.43
65,TÃ¸nsberg,Norway,11.18
66,Ulsteinvik,Norway,8.94
67,VadsÃ¸,Norway,8.05
68,Verdal,Norway,10.73
69,Vest-Agder,Norway,10.43
70,Vestby,Norway,8.94
71,Voss,Norway,7.45
72,Ãverbygd,Norway,12.67
1,Masqat,Oman,5.14
2,Muscat,Oman,6.33
3,Sohar,Oman,9.0
1,Islamabad,Pakistan,6.0
2,Karachi,Pakistan,2.15
3,Lahore,Pakistan,3.31
4,Quetta,Pakistan,2.24
1,Bocas Del Toro,Panama,1.5
2,David,Panama,0.31
3,Habanos,Panama,4.54
4,La Chorrera,Panama,0.31
5,Panama,Panama,0.45
6,Panama City,Panama,1.4
7,PedasÃ­ District,Panama,0.91
8,Penonome,Panama,0.49
9,Tocumen,Panama,4.08
1,Goroka,Papua New Guinea,0.82
2,Panama,Papua New Guinea,0.4
3,Port Moresby,Papua New Guinea,1.68
1,Asuncion,Paraguay,0.92
2,Ciudad Del Este,Paraguay,0.85
1,Chiclayo,Peru,1.36
2,Cusco,Peru,2.06
3,Lima,Peru,1.49
4,MÃ¡ncora,Peru,1.18
5,Ollantaytambo,Peru,1.31
6,Puerto Maldonado,Peru,2.4
7,Trujillo,Peru,0.67
8,Yurimaguas,Peru,0.73
1,Angeles City,Philippines,0.89
2,Baguio City,Philippines,0.57
3,Cebu,Philippines,1.31
4,Cebu City,Philippines,0.89
5,Daet,Philippines,0.52
6,Davao,Philippines,1.22
7,Davao City,Philippines,0.6
8,Dumaguete City,Philippines,0.39
9,Iloilo,Philippines,0.45
10,Makati City,Philippines,1.61
11,Malay,Philippines,1.22
12,Mambajao,Philippines,0.36
13,Manila,Philippines,0.57
14,Puerto Galera,Philippines,0.82
15,Puerto Princesa,Philippines,0.79
16,Tagbilaran City,Philippines,0.7
1,Bielsko-Biala,Poland,1.64
2,Bydgoszcz,Poland,1.27
3,Debki,Poland,1.3
4,Elblag,Poland,1.27
5,Gdansk,Poland,2.29
6,Gdynia,Poland,2.32
7,Gliwice,Poland,2.06
8,Gmina Zawadzkie,Poland,1.27
9,Jakuszyce,Poland,0.83
10,Katowice,Poland,1.8
11,Kolonowskie,Poland,1.12
12,Krakow,Poland,2.24
13,Kwidzyn,Poland,1.64
14,LeÅ¼ajsk,Poland,2.68
15,Lubin,Poland,1.79
16,Lublin,Poland,1.43
17,Mragowo,Poland,1.27
18,Oborniki,Poland,1.27
19,Olsztyn,Poland,1.13
20,Ostrowiec,Poland,1.27
21,PiotrkÃ³w Trybunalski,Poland,1.27
22,Plock,Poland,1.27
23,Pobierowo,Poland,1.58
24,Poznan,Poland,2.12
25,Przemysl,Poland,1.27
26,Pszczyna,Poland,1.49
27,Puck,Poland,1.49
28,Rzeszow,Poland,2.16
29,Sandomierz,Poland,1.49
30,Sanok,Poland,1.49
31,Sopot,Poland,2.53
32,Sosnowiec,Poland,0.89
33,Szczecin,Poland,1.79
34,Torun,Poland,2.01
35,Warsaw,Poland,2.52
36,Warszawa,Poland,3.75
37,Wieliczka,Poland,1.79
38,Wroclaw,Poland,1.49
39,Zabrze,Poland,2.52
40,Zlocieniec,Poland,1.27
1,Albufeira,Portugal,3.19
2,Alvor,Portugal,1.3
3,Armona,Portugal,1.3
4,Aveiro,Portugal,4.53
5,Azores,Portugal,1.18
6,Cartaxo Municipality,Portugal,1.49
7,Cascais,Portugal,1.3
8,Castelo Branco,Portugal,1.04
9,Coimbra,Portugal,1.28
10,Estoril,Portugal,2.59
11,Faro,Portugal,3.99
12,Figueira Da Foz,Portugal,1.3
13,Guimaraes,Portugal,1.76
14,Lagos,Portugal,2.52
15,Leiria,Portugal,0.97
16,Lisbon,Portugal,2.24
17,Moncarapacho,Portugal,2.59
18,Ovar,Portugal,3.78
19,PortimÃ£o,Portugal,2.79
20,Porto,Portugal,1.53
21,Seia,Portugal,1.3
22,Setubal,Portugal,1.01
23,Silves Municipality,Portugal,2.52
24,Tavira,Portugal,4.2
25,Tondela,Portugal,1.18
26,Viana Do Castelo Municipality,Portugal,1.01
27,Vila Real,Portugal,1.52
28,Vila Real De Santo AntÃ³nio,Portugal,3.11
1,Caguas,Puerto Rico,1.0
2,Humacao,Puerto Rico,1.0
3,MayagÃ¼ez,Puerto Rico,1.88
4,Ponce,Puerto Rico,1.12
5,San Juan,Puerto Rico,3.9
6,Vieques,Puerto Rico,1.61
1,Doha,Qatar,9.52
1,'DROP Table,Romania,npriced
2,Braov,Romania,1.27
3,Brasov,Romania,1.42
4,Bucharest,Romania,1.79
5,Bucharesy,Romania,2.24
6,Bucuresti,Romania,1.64
7,Cluj-Napoca,Romania,1.52
8,Constanța,Romania,1.68
9,Craiova,Romania,1.27
10,Curtea De Arges,Romania,0.67
11,FÄgÄraÅ,Romania,12.62
12,Galati,Romania,0.37
13,Piatra-NeamÈ,Romania,0.79
14,Pitesti,Romania,1.3
15,Poiana BraÈov,Romania,2.07
16,Sibiu,Romania,1.27
17,Suceava,Romania,1.12
18,Targu Mures,Romania,1.27
19,Zimnicea,Romania,1.15
1,Autonomous District Of Chukotka,Russian Federation,0.7
2,Barnaul,Russian Federation,2.62
3,Belgorod,Russian Federation,9.13
4,Chabarovsk,Russian Federation,3.31
5,Cherepovets,Russian Federation,2.46
6,Dolgoprudny,Russian Federation,1.49
7,Dubna,Russian Federation,1.58
8,Izhevsk,Russian Federation,2.59
9,Kaliningrad,Russian Federation,0.46
10,Kazan,Russian Federation,1.88
11,Kirov,Russian Federation,0.94
12,Kostomuksha,Russian Federation,1.18
13,Krasnoyarsk,Russian Federation,2.06
14,Kursk,Russian Federation,0.91
15,Lybertsi,Russian Federation,1.64
16,Moscow,Russian Federation,2.98
17,Nizhniy Novgorod,Russian Federation,0.75
18,Novokuzneck,Russian Federation,0.37
19,Novosibirsk,Russian Federation,3.23
20,Rostov-on-Don,Russian Federation,1.4
21,Sochi,Russian Federation,1.88
22,St Petersburg,Russian Federation,2.24
23,Staraya Kupavna,Russian Federation,2.25
24,Taganrog,Russian Federation,1.5
25,Tula,Russian Federation,0.75
26,Ufa,Russian Federation,1.07
27,Vladivostok,Russian Federation,0.95
28,Vyborg,Russian Federation,1.18
29,Yaroslavl,Russian Federation,1.49
30,Yekaterinburg,Russian Federation,2.35
1,Butare,Rwanda,0.64
2,Gysenyi,Rwanda,0.55
3,Kigali,Rwanda,0.58
1,Jamestown,Saint Helena,2.98
1,Basseterre,Saint Kitts and Nevis,1.5
1,Castries,Saint Lucia,2.25
1,Apia,Samoa,1.67
1,Bombom - Principe,Sao Tome et Principe,5.19
2,Sao Tome,Sao Tome et Principe,1.59
1,Khamis Mushait,Saudi Arabia,1.49
2,Khobar,Saudi Arabia,1.13
3,Riyadh,Saudi Arabia,7.45
4,Tabuk,Saudi Arabia,1.79
1,Dakar,Senegal,2.09
2,Kaolack,Senegal,0.94
3,Kedougou,Senegal,1.3
4,Satioum,Senegal,1.42
1,Belgrade,Serbia,1.49
2,Kikinda,Serbia,1.16
3,Kolut,Serbia,0.94
4,Kragujevac,Serbia,0.97
5,Lebane,Serbia,0.36
6,Leskovac,Serbia,1.27
7,Nis,Serbia,1.3
8,Novi Sad,Serbia,1.42
9,Pancevo,Serbia,1.18
10,Podgorica And All Other Places In Crna G,Serbia,1.27
11,Å abac,Serbia,2.28
12,Smederevo,Serbia,1.27
13,Subotica,Serbia,2.0
14,UÅ¾ice,Serbia,1.4
15,Vladicin Han,Serbia,0.77
16,Vlajkovac,Serbia,1.18
17,Å½. A. P.,Serbia,3.8
18,Zajecar,Serbia,1.06
19,Zrenjanin,Serbia,1.18
20,ÐÐ°Ð»Ð¸ ÐÐ²Ð¾ÑÐ½Ð¸Ðº,Serbia,1.04
1,Victoria,Seychelles,3.71
1,Freetown,Sierra Leone,1.3
1,Singapore,Singapore,8.05
1,BÃ¡novce Nad Bebravou,Slovakia,1.04
2,Banska Birnika,Slovakia,1.82
3,Banska Bystrica,Slovakia,1.3
4,Bratislava,Slovakia,1.4
5,DolnÃ¡ MarikovÃ¡,Slovakia,0.75
6,ÄurÄinÃ¡,Slovakia,0.61
7,Hlohovec,Slovakia,1.13
8,KomÃ¡rno,Slovakia,1.27
9,Kosice,Slovakia,1.27
10,Nitra,Slovakia,1.18
11,Poprad,Slovakia,0.91
12,PreÅ¡ov,Slovakia,1.22
13,PÃºchov,Slovakia,1.18
14,RajeckÃ© Teplice,Slovakia,1.22
15,Spisska Nova Ves,Slovakia,0.82
16,Topolcany,Slovakia,0.94
17,Trencin,Slovakia,1.03
18,Trnava,Slovakia,1.04
19,VyÅ¡kovce Nad IpÄ¾om,Slovakia,0.58
20,Zilina,Slovakia,0.94
21,Zvolen,Slovakia,1.43
1,Benedikt,Slovenia,3.16
2,Bled,Slovenia,2.74
3,Bovec,Slovenia,2.04
4,Celje,Slovenia,1.27
5,DivaÄa,Slovenia,2.28
6,Gornja Radgona,Slovenia,2.28
7,Grosuplje,Slovenia,2.59
8,HoÄe-Slivnica,Slovenia,2.12
9,Jesenice,Slovenia,2.62
10,Kamnik,Slovenia,3.23
11,Koper,Slovenia,2.85
12,Kranj,Slovenia,2.52
13,Kranjska Gora,Slovenia,2.52
14,Krsko,Slovenia,2.18
15,Lendava,Slovenia,2.59
16,Ljubljana,Slovenia,2.65
17,Ljutomer,Slovenia,1.27
18,Maribor,Slovenia,2.52
19,Maribur,Slovenia,5.22
20,MeÅ¾ica,Slovenia,2.03
21,Muretinci,Slovenia,2.59
22,Nova Gorica,Slovenia,2.34
23,Novo Mesto,Slovenia,2.4
24,Piran,Slovenia,2.52
25,PororoÅ¾,Slovenia,3.78
26,PortoroÅ¾,Slovenia,3.78
27,Ptuj,Slovenia,2.59
28,RuÅ¡e,Slovenia,2.52
29,Å enÄur,Slovenia,2.46
30,Skofja Loka,Slovenia,2.52
31,Slovenska Bistrica,Slovenia,3.16
32,Slovenske Konjice,Slovenia,2.52
33,Tolmin,Slovenia,1.89
34,Velenje,Slovenia,1.27
35,Å½iri,Slovenia,1.27
1,Gizo,Solomon Islands,0.75
2,Honiara,Solomon Islands,4.23
1,Mogadishu,Somalia,1.49
1,Cape Town,South Africa,1.59
2,Centurion,South Africa,1.13
3,Durban,South Africa,1.45
4,East London,South Africa,0.89
5,Grahamstown,South Africa,1.3
6,Johannesburg,South Africa,1.71
7,Kleinmond,South Africa,0.89
8,Margate,South Africa,0.89
9,Port Elizabeth,South Africa,1.43
10,Potchefstroom,South Africa,0.91
11,Pretoria,South Africa,1.5
12,Sandton,South Africa,1.46
13,Stellenbosch,South Africa,1.1
1,Adeje,Spain,1.45
2,Aguadulce,Spain,3.78
3,AgÃ¼imes,Spain,1.64
4,Albacete,Spain,1.89
5,AlcalÃ  De Xivert,Spain,2.15
6,AlcÃºdia,Spain,3.52
7,Alicante,Spain,3.89
8,Alpedrete,Spain,3.78
9,Arona,Spain,1.27
10,ARONA (TENERIFE),Spain,1.7
11,Arrecife,Spain,2.26
12,Badajoz,Spain,1.27
13,Barcelona,Spain,5.05
14,Barlovento,Spain,1.52
15,Benidorm,Spain,1.34
16,Bilbao,Spain,4.43
17,Burgos,Spain,2.59
18,Cadiz,Spain,1.89
19,Callosa D'En SarriÃ,Spain,npriced
20,Calp,Spain,1.52
21,CalviÃ,Spain,2.52
22,Calvia (Mallorca),Spain,2.98
23,Canarias,Spain,5.05
24,CastellÃ³ De Rugat,Spain,2.52
25,Castro-Urdiales,Spain,2.59
26,Cesuras,Spain,1.27
27,CÃ³mpeta,Spain,1.39
28,Cordova,Spain,3.28
29,Corunna,Spain,3.78
30,Costa Adeje,Spain,3.5
31,Donostia,Spain,2.59
32,Donostia-San Sebastian,Spain,6.48
33,El Alamillo,Spain,3.13
34,Elche,Spain,2.85
35,Es Castell,Spain,4.53
36,Ferrol,Spain,1.4
37,Finestrat,Spain,1.58
38,Formentera,Spain,6.48
39,Fuengirola,Spain,2.52
40,Getxo,Spain,3.16
41,GijÃ³n,Spain,2.34
42,Girona,Spain,1.88
43,Granada,Spain,3.55
44,Granollers,Spain,2.52
45,Guadalajara,Spain,2.59
46,Guadalix De La Sierra,Spain,1.52
47,Hernani,Spain,2.59
48,Huelva,Spain,1.88
49,Huesca,Spain,1.3
50,Ibiza,Spain,6.32
51,Javea,Spain,4.1
52,L'AlfÃ s Del Pi,Spain,npriced
53,La Florida,Spain,3.11
54,Las Rozas De Madrid,Spain,4.53
55,Los Christianos,Spain,1.94
56,Madrid,Spain,3.23
57,Mahon,Spain,4.26
58,Malaga,Spain,2.52
59,Malgrat De Mar,Spain,3.78
60,Marbella,Spain,8.84
61,Martorell,Spain,3.62
62,Mercadona,Spain,0.64
63,Murcia,Spain,4.66
64,Oiartzun,Spain,4.8
65,Olvera,Spain,2.68
66,Onteniente,Spain,3.89
67,Orellana La Vieja,Spain,1.27
68,Orihuela,Spain,2.59
69,Palma De Mallorca,Spain,4.74
70,Palma Nova,Spain,2.85
71,Palmas De Gran Canaria,Spain,3.73
72,Pamplona,Spain,2.59
73,Pliego,Spain,2.59
74,Ponferrada,Spain,1.3
75,Pontedeume,Spain,1.3
76,Pontevedra,Spain,3.89
77,Port De PollenÃ§a,Spain,1.49
78,Puerto De Mazarron,Spain,2.64
79,Puerto Del Carmen,Spain,2.24
80,Puertollano,Spain,2.34
81,Ribeira,Spain,1.28
82,Roquetas De Mar,Spain,3.84
83,Rubi,Spain,1.3
84,Sagunto,Spain,1.82
85,Salou,Spain,2.83
86,San BartolomÃ© De Tirajana,Spain,3.16
87,San Javier,Spain,2.34
88,Sant Cugat,Spain,2.59
89,Santa Cruz De Tenerife,Spain,1.89
90,Santa Pola,Spain,3.73
91,SantanyÃ­,Spain,1.18
92,Santiago De Compostela,Spain,2.32
93,Segovia,Spain,2.59
94,Sentmenat,Spain,1.3
95,Sevilla,Spain,1.89
96,Seville,Spain,1.34
97,Son Bou,Spain,4.53
98,Talavera De La Reina,Spain,1.94
99,Tarifa,Spain,2.52
100,Tenerife,Spain,2.59
101,Teulada,Spain,3.7
102,Torrejon Del Rey,Spain,1.3
103,Torrent,Spain,1.27
104,Torrevieja,Spain,2.24
105,Torrox,Spain,3.16
106,Turre,Spain,2.52
107,Valencia,Spain,5.68
108,Valladolid,Spain,2.59
109,Vigo,Spain,4.14
110,Vila-seca,Spain,1.89
111,Villablanca,Spain,1.27
112,VILLAJOYOSA,Spain,3.64
113,Villarejo De Fuentes,Spain,1.39
114,Villena,Spain,2.98
115,Zamora,Spain,3.17
116,Zaragoza,Spain,3.23
117,Zarautz,Spain,3.78
1,Colombo,Sri Lanka,1.42
2,"Colombo, Sri Lanka",Sri Lanka,2.24
3,Hikkaduwa,Sri Lanka,1.67
4,Kandy,Sri Lanka,6.33
5,Koggala,Sri Lanka,3.73
6,Marissa,Sri Lanka,1.49
7,Matara,Sri Lanka,1.39
8,Negombo,Sri Lanka,1.34
9,Nuwara Eliya,Sri Lanka,5.96
1,Khartoum,Sudan,0.77
2,Reno,Sudan,1.0
1,Paramaribo,Suriname,1.12
1,Mbabane,Swaziland,1.22
1,Ãngelholm,Sweden,4.47
2,Ãngelholm Municipality,Sweden,5.05
3,Arlanda,Sweden,11.0
4,BorÃ¥s,Sweden,7.27
5,Emmaboda,Sweden,5.05
6,Essunga Municipality,Sweden,5.38
7,Goteborg,Sweden,3.78
8,Gothenburg,Sweden,8.94
9,Halmstad,Sweden,6.71
10,Helsingborg,Sweden,1.27
11,Hudiksvall,Sweden,5.05
12,JÃ¶nkÃ¶ping,Sweden,8.94
13,Karlstad,Sweden,7.36
14,LidkÃ¶ping Municipality,Sweden,7.57
15,LinkÃ¶ping,Sweden,7.33
16,Lund,Sweden,5.8
17,Malmo,Sweden,7.57
18,NorrkÃ¶ping,Sweden,8.15
19,Nykoping,Sweden,8.94
20,Ãrebro,Sweden,7.45
21,Ãrebro County,Sweden,7.45
22,Sandviken,Sweden,9.69
23,Skara,Sweden,6.32
24,Solna,Sweden,4.47
25,Stockholm,Sweden,7.45
26,Stockholm City,Sweden,8.94
27,Sundbyberg,Sweden,6.26
28,Sundsvall,Sweden,7.45
29,Trollhattan,Sweden,5.23
30,Uppsala,Sweden,7.78
31,Varberg,Sweden,9.69
32,VÃ¤sterÃ¥s,Sweden,8.85
33,VÃ¤sterÃ¥s Municipality,Sweden,11.92
1,Bagnes,Switzerland,8.94
2,Basel,Switzerland,6.91
3,Bern,Switzerland,8.94
4,Burgdorf,Switzerland,3.84
5,Davos,Switzerland,3.95
6,Delemont,Switzerland,3.5
7,Eiken,Switzerland,4.57
8,Frauenfeld,Switzerland,1.12
9,Fribourg,Switzerland,4.04
10,Geneva,Switzerland,8.84
11,GenÃ¨ve,Switzerland,6.33
12,Interlaken,Switzerland,8.94
13,Intragna,Switzerland,4.69
14,La Chaux-de-Fonds,Switzerland,4.86
15,Laax,Switzerland,5.05
16,Lachen,Switzerland,8.14
17,Lausanne,Switzerland,9.46
18,Lucerne,Switzerland,7.15
19,Lugano,Switzerland,6.33
20,Luzern,Switzerland,4.34
21,Montreux,Switzerland,7.81
22,Moutier,Switzerland,3.41
23,Rolle,Switzerland,11.1
24,Saas Fee,Switzerland,7.45
25,Schaffhausen,Switzerland,5.9
26,Sion,Switzerland,7.97
27,St Gallen,Switzerland,5.1
28,St Moritz,Switzerland,5.74
29,UrnÃ¤sch,Switzerland,3.4
30,Verbier,Switzerland,6.71
31,Villars,Switzerland,11.18
32,Wetzikon,Switzerland,11.67
33,Winterthur,Switzerland,5.27
34,Zermatt,Switzerland,6.79
35,Zug,Switzerland,4.92
36,Zurich,Switzerland,7.66
1,Dimashq,Syria,1.53
1,Dushanbe,Tadjikistan,0.6
2,Khujand,Tadjikistan,0.43
1,Kaohsiung,Taiwan,1.59
2,Taichung City,Taiwan,3.71
3,Taipei City,Taiwan,4.48
1,Arusha,Tanzania,1.5
2,Dar Es Salaam,Tanzania,1.04
3,Moshi,Tanzania,2.0
4,Mwanza,Tanzania,1.31
5,Paje,Tanzania,2.59
6,Zanzibar Town,Tanzania,1.58
1,Bangkok,Thailand,2.86
2,Buri Ram,Thailand,2.09
3,Chachoengsao,Thailand,2.28
4,Chiang Mai,Thailand,1.49
5,Hua Hin,Thailand,1.58
6,Karon Beach,Thailand,2.09
7,Ko Pha-ngan,Thailand,1.27
8,Koh Phangan,Thailand,1.79
9,Koh Samui,Thailand,1.46
10,Krabi,Thailand,2.09
11,Pa Tong,Thailand,4.47
12,Pattaya,Thailand,2.46
13,Phitsanulok,Thailand,1.82
14,Phuket,Thailand,3.5
15,Rayong,Thailand,1.12
16,Saladan,Thailand,2.59
17,Surasak,Thailand,1.49
18,Surin,Thailand,1.49
19,Udon Thani,Thailand,1.3
1,Lome,Togo,1.27
1,Neiafu,Tonga,2.25
2,Nuku'alofa,Tonga,npriced
1,Couva,Trinidad and Tobago,2.68
2,Point Fortin,Trinidad and Tobago,0.75
3,Port Of Spain,Trinidad and Tobago,1.56
4,Scarborough,Trinidad and Tobago,2.09
5,St Joseph,Trinidad and Tobago,1.19
1,Dar Drack,Tunisia,2.98
2,Hammam Susah,Tunisia,3.95
3,Hammamet,Tunisia,1.27
4,Monastir,Tunisia,1.64
5,Nabeul,Tunisia,2.97
6,Port El Kantau,Tunisia,3.95
7,Sfax,Tunisia,0.64
8,Sidi Bouzid,Tunisia,4.44
9,Sousse,Tunisia,1.42
10,Tunis,Tunisia,3.53
11,Yasmine Hammamet,Tunisia,3.16
1,İstanbul,Turkey,2.53
2,Akbuk,Turkey,7.45
3,Alanya,Turkey,2.52
4,Altinckum,Turkey,3.73
5,Ankara,Turkey,3.53
6,Antalier,Turkey,2.52
7,Antalya,Turkey,3.43
8,AydÄ±n Province,Turkey,3.23
9,Bitez,Turkey,3.28
10,Bodrum,Turkey,3.34
11,Bursa,Turkey,3.1
12,Dalaman Airport,Turkey,6.41
13,Dalyan,Turkey,2.89
14,Edirne,Turkey,1.89
15,Eskişehir,Turkey,4.81
16,Gaziantep,Turkey,3.43
17,Ä°Ã§meler,Turkey,2.24
18,Istanbul,Turkey,3.71
19,Izmir,Turkey,1.89
20,Kalkan,Turkey,3.73
21,Kayseri,Turkey,1.89
22,Koycegiz,Turkey,2.94
23,Marmaris,Turkey,2.98
24,MuÄla,Turkey,2.5
25,Olu Deniz,Turkey,2.24
26,Oludeniz,Turkey,3.35
27,Side,Turkey,4.13
28,Turunc,Turkey,3.73
29,VARIOUS,Turkey,7.78
1,Ashgabat,Turkmenistan,3.99
1,Cockburn Town,Turks and Caicos Islands,5.1
1,Funafuti,Tuvalu,2.77
1,Jinja,Uganda,1.31
2,Kampala,Uganda,1.25
3,Pader,Uganda,0.89
1,Запорl,Ukraine,0.51
2,Dnepropetrovsk,Ukraine,1.19
3,Donets'k,Ukraine,npriced
4,Feodosiya,Ukraine,0.91
5,Ivano-Frankivsk,Ukraine,0.49
6,Kharkiv,Ukraine,1.64
7,Kharkov,Ukraine,0.67
8,Khmelnitsky,Ukraine,0.67
9,Kiev,Ukraine,1.31
10,Kryvyi Rih,Ukraine,0.48
11,Kyiv,Ukraine,0.89
12,L'viv,Ukraine,npriced
13,Lviv,Ukraine,0.6
14,Melitopol,Ukraine,0.4
15,Nikolayev,Ukraine,0.72
16,Odesa,Ukraine,1.04
17,Odessa,Ukraine,1.01
18,Poltava,Ukraine,0.75
19,Pustomyty,Ukraine,0.67
20,Rivne,Ukraine,0.75
21,Shostka,Ukraine,0.6
22,Ternopil',Ukraine,npriced
23,Ukraine,Ukraine,1.04
24,Uzhgorod,Ukraine,0.46
25,Vinnytsia,Ukraine,0.82
26,Yevpatoriya,Ukraine,0.89
27,Zaporizhzhya,Ukraine,0.37
28,Zaporozhye,Ukraine,0.66
1,Abu Dhabi,United Arab Emirates,7.27
2,Dubai,United Arab Emirates,9.01
3,Sharjah,United Arab Emirates,4.17
1,Albuquerque,United States,4.5
2,Annapolis,United States,4.25
3,Arroyo Grande,United States,3.41
4,Atlanta,United States,5.45
5,Austin,United States,2.99
6,Baltimore,United States,5.01
7,Birmingham,United States,5.01
8,Bloomer,United States,0.91
9,Boise,United States,1.0
10,Boston,United States,6.0
11,Boulder,United States,3.81
12,Bradford,United States,1.5
13,Buffalo,United States,3.5
14,Burbank,United States,6.0
15,Cambridge,United States,3.99
16,Carbondale,United States,1.68
17,Central Point,United States,1.82
18,Champaign,United States,1.65
19,Cherry Hill,United States,2.73
20,Chicago,United States,3.64
21,Cincinnati,United States,5.01
22,Colorado Springs,United States,6.27
23,Columbus,United States,3.99
24,Coshocton,United States,2.5
25,Detroit,United States,2.5
26,Disney World FL,United States,8.49
27,Ditnietis,United States,3.78
28,Flagstaff,United States,4.5
29,Fort Collins,United States,2.76
30,Fort Mill,United States,1.36
31,Frederick,United States,3.99
32,Glendale,United States,2.73
33,Golden,United States,1.12
34,Grand Forks,United States,2.26
35,Grand Rapids,United States,2.5
36,Greeley,United States,4.5
37,Guasti,United States,4.56
38,Houston,United States,4.31
39,Jackson,United States,4.08
40,Kellogg ID,United States,4.01
41,Kenosha,United States,3.73
42,Kent Island,United States,1.04
43,Laguna Niguel,United States,5.01
44,Las Vegas,United States,7.66
45,"Lawrence, Ma",United States,3.5
46,Lincoln,United States,3.99
47,Long Beach,United States,4.37
48,Los Angeles,United States,6.0
49,Louisville,United States,4.47
50,Lubbock,United States,3.75
51,Lynchburg,United States,1.68
52,Macon,United States,3.99
53,"Marlborough, MA",United States,4.75
54,Maumee,United States,2.98
55,Memphis,United States,2.06
56,Miami,United States,9.51
57,Miami Beach,United States,7.0
58,Minersville,United States,1.82
59,Minneapolis,United States,5.01
60,Mobile,United States,2.8
61,"Montclair, NJ",United States,2.0
62,"Murphysboro, IL",United States,3.99
63,Nashville,United States,4.35
64,Necedah WI,United States,2.99
65,New Haven,United States,4.59
66,New Orleans,United States,5.07
67,New York,United States,5.9
68,Newton,United States,4.54
69,Norman,United States,1.46
70,Oak Cliff,United States,3.17
71,Oakland,United States,6.0
72,Odessa,United States,0.91
73,Omaha,United States,2.25
74,Orange,United States,5.01
75,Orlando,United States,5.75
76,Ottowa,United States,2.68
77,Palm Harbor,United States,1.8
78,Philadelphia,United States,3.5
79,Pittsburgh,United States,3.86
80,Portland,United States,4.75
81,Portland Maine,United States,2.0
82,Providence,United States,2.26
83,Raleigh,United States,4.54
84,Reno,United States,5.01
85,Riverside,United States,9.51
86,"Rochester, NY",United States,3.5
87,Rome,United States,2.25
88,Saint Louis,United States,1.74
89,"Salem, OR",United States,3.99
90,Salem/Dallas,United States,1.74
91,Salt Lake City,United States,2.26
92,San Antonio,United States,3.99
93,San Bernardino,United States,2.99
94,San Diego,United States,7.51
95,San Francisco,United States,7.36
96,Santa Monica,United States,3.64
97,Scottsdale,United States,7.0
98,Seattle,United States,6.36
99,Sharpsville,United States,1.13
100,Spring,United States,3.75
101,St Louis,United States,2.0
102,St. Louis,United States,3.17
103,Stillwater,United States,1.82
104,Syracuse,United States,6.0
105,Tallahassee,United States,3.5
106,Tampa,United States,3.4
107,Traverse City,United States,3.86
108,Warrensburg,United States,2.24
109,Washonhton Dc,United States,6.36
110,West Palm Beach,United States,4.54
111,Whitefish,United States,2.0
112,Williamsport,United States,2.04
113,Yosemite Valley,United States,1.5
1,Montevideo,Uruguay,2.35
1,Charlotte Amalie,US Virgin Islands,2.24
1,Samarkand,Uzbekistan,1.49
2,Tashkent,Uzbekistan,1.12
1,Port Vila,Vanuatu,3.65
1,Vatican City,Vatican City,5.71
1,Caracas,Venezuela,0.88
2,Maracaibo,Venezuela,1.18
3,Maracay,Venezuela,0.4
1,Da Nang,Vietnam,0.69
2,Hanoi,Vietnam,0.6
3,Ho Chi Mingh,Vietnam,0.89
4,Ho Chi Minh,Vietnam,0.75
5,Ho Chi Minh City,Vietnam,0.75
6,Hoi An,Vietnam,0.27
7,Kien Giang,Vietnam,0.91
8,Nha Trang,Vietnam,0.75
9,Phan Thiet,Vietnam,0.16
10,Tp. Há»i An,Vietnam,0.75
11,Vietnam,Vietnam,1.34
12,Vung Tau,Vietnam,0.97
1,Aden,Yemen,2.58
2,Sana'a,Yemen,npriced
1,Livingstone,Zambia,0.06
2,Lusaka,Zambia,1.5
3,Petauke,Zambia,0.91
4,Solwezi,Zambia,1.4
1,Bulawayo,Zimbabwe,1.13
2,Harare,Zimbabwe,1.49
