,City,Price,Country
1,,4.17,United Kingdom
2,Aberdeen,5.07,United Kingdom
3,Aberystwyth,3.58,United Kingdom
4,Acton,6.26,United Kingdom
5,Airdrie,3.43,United Kingdom
6,Aldershot,4.47,United Kingdom
7,Alloa,4.92,United Kingdom
8,Altrincham,3.52,United Kingdom
9,Amblecote,4.1,United Kingdom
10,Andover,5.51,United Kingdom
11,Ansty,5.22,United Kingdom
12,Arbroath,4.35,United Kingdom
13,Armagh,4.14,United Kingdom
14,Ashford,6.85,United Kingdom
15,Augher,4.25,United Kingdom
16,Aviemore,4.02,United Kingdom
17,Aylesbury,4.47,United Kingdom
18,Bagshot,5.36,United Kingdom
19,Bailiwick Of Jersey,5.42,United Kingdom
20,Balloo,4.77,United Kingdom
21,Bangor,4.92,United Kingdom
22,Barnard Castle,2.61,United Kingdom
23,Barnsley,3.73,United Kingdom
24,Barnstaple,4.84,United Kingdom
25,Barrow-in-Furness,1.64,United Kingdom
26,Barton Up[on Humber,5.22,United Kingdom
27,Basildon,4.41,United Kingdom
28,Basingstoke,4.92,United Kingdom
29,Bath,4.84,United Kingdom
30,Bathgate,2.98,United Kingdom
31,Bebington,5.81,United Kingdom
32,Beccles,3.87,United Kingdom
33,Bedford,4.47,United Kingdom
34,Belfast,4.77,United Kingdom
35,Belper,4.47,United Kingdom
36,Beverley,5.07,United Kingdom
37,Bewdley,4.17,United Kingdom
38,Bexhill,4.77,United Kingdom
39,Bexleyheath,4.51,United Kingdom
40,Bicester,4.84,United Kingdom
41,Biddulph,4.25,United Kingdom
42,Birkenhead,2.91,United Kingdom
43,Birmingham,4.38,United Kingdom
44,Blackburn,3.95,United Kingdom
45,Blackpool,3.95,United Kingdom
46,Bloxwich,3.65,United Kingdom
47,Boat Of Garten,5.51,United Kingdom
48,Bolsover,3.87,United Kingdom
49,Bolton,4.47,United Kingdom
50,Bonnyrigg,4.32,United Kingdom
51,Borehamwood,4.98,United Kingdom
52,Bournemouth,4.43,United Kingdom
53,Bradford,4.05,United Kingdom
54,Brentwood,5.66,United Kingdom
55,Bridgend,1.49,United Kingdom
56,Bridlington,2.97,United Kingdom
57,Bridport,4.17,United Kingdom
58,Brighton,5.22,United Kingdom
59,Bristol,4.47,United Kingdom
60,Bromley,4.99,United Kingdom
61,Broughty Ferry,4.54,United Kingdom
62,Buckie,4.47,United Kingdom
63,Buckley,5.22,United Kingdom
64,Burgess Hill,5.33,United Kingdom
65,Burnham,4.77,United Kingdom
66,Burnley,3.28,United Kingdom
67,Burton Upo Trent,4.62,United Kingdom
68,Burton-on-Trent,2.97,United Kingdom
69,Bury,3.73,United Kingdom
70,Bury St Edmunds,1.48,United Kingdom
71,Cadgwith,6.71,United Kingdom
72,Caernarfon,4.32,United Kingdom
73,Caerphilly,4.47,United Kingdom
74,Caersws,3.58,United Kingdom
75,Cambridge,5.6,United Kingdom
76,Camden Town,5.22,United Kingdom
77,Canley,4.47,United Kingdom
78,Canterbury,5.07,United Kingdom
79,Cardiff,4.47,United Kingdom
80,Carlisle,3.5,United Kingdom
81,Carmarthen,5.66,United Kingdom
82,Catswhiskers,3.95,United Kingdom
83,Chatteris,4.1,United Kingdom
84,Chelmsford,3.87,United Kingdom
85,Cheltenham,4.62,United Kingdom
86,Chester,4.47,United Kingdom
87,Chester-le-Street,4.25,United Kingdom
88,Chichester,5.07,United Kingdom
89,Child Okeford,4.92,United Kingdom
90,Chingford,5.51,United Kingdom
91,Chipping Norton,4.25,United Kingdom
92,Chislehurst,7.3,United Kingdom
93,Clacton-on-Sea,3.73,United Kingdom
94,Claygate,6.33,United Kingdom
95,Clydebank,4.25,United Kingdom
96,Cockermouth,4.47,United Kingdom
97,Colchester,4.4,United Kingdom
98,Coventry,3.73,United Kingdom
99,Coverack,6.26,United Kingdom
100,Cranleigh,5.74,United Kingdom
101,Crewe,4.02,United Kingdom
102,Crouch End,5.66,United Kingdom
103,Croydon,2.97,United Kingdom
104,Cury,5.81,United Kingdom
105,Cwm Scwt,9.69,United Kingdom
106,Darlington,3.16,United Kingdom
107,Dartford,6.78,United Kingdom
108,Dartford Holiday Inn Express,5.74,United Kingdom
109,Daventry Town,4.62,United Kingdom
110,Derby,4.69,United Kingdom
111,Derry,5.07,United Kingdom
112,Dewsbury,4.62,United Kingdom
113,Dogs Bollocks,4.28,United Kingdom
114,Doncaster,5.22,United Kingdom
115,Dorking,5.96,United Kingdom
116,Douglas,5.22,United Kingdom
117,Dumfries,3.75,United Kingdom
118,Dundee,4.35,United Kingdom
119,Dunfermline,4.62,United Kingdom
120,Durham,3.13,United Kingdom
121,East Grinstead,4.77,United Kingdom
122,Eastleigh,2.91,United Kingdom
123,Edinburgh,5.59,United Kingdom
124,Egham,5.36,United Kingdom
125,Elgin,3.58,United Kingdom
126,Ellesmere,3.8,United Kingdom
127,England,4.17,United Kingdom
128,Enniskillen,5.07,United Kingdom
129,Epsom,5.07,United Kingdom
130,Errol,4.47,United Kingdom
131,Esher,6.71,United Kingdom
132,Exeter,4.47,United Kingdom
133,Falkirk,4.25,United Kingdom
134,Falmouth,6.11,United Kingdom
135,Farnham Royle,4.62,United Kingdom
136,Faversham,4.25,United Kingdom
137,Felixsrtowe,4.92,United Kingdom
138,Felixstowe,4.47,United Kingdom
139,Finsbury Park,4.77,United Kingdom
140,Fishponds,4.77,United Kingdom
141,Folkestone,4.47,United Kingdom
142,Forest Row,5.74,United Kingdom
143,Formby,5.65,United Kingdom
144,Four Lanes,6.56,United Kingdom
145,Fraserburgh,3.73,United Kingdom
146,Frome,5.22,United Kingdom
147,Gateshead,2.68,United Kingdom
148,Glasgow,4.14,United Kingdom
149,Glasson,3.5,United Kingdom
150,Gloucester,4.77,United Kingdom
151,Gosport,4.32,United Kingdom
152,Grantham,4.47,United Kingdom
153,Great Broughton,3.87,United Kingdom
154,Great Yarmouth,4.47,United Kingdom
155,Greenford,4.84,United Kingdom
156,Grimsby,3.43,United Kingdom
157,Guildford,6.71,United Kingdom
158,Gunwalloe,5.96,United Kingdom
159,Halifax,4.17,United Kingdom
160,Hamilton,3.58,United Kingdom
161,Harlow,4.92,United Kingdom
162,Harrogate,5.22,United Kingdom
163,Harrow,5.07,United Kingdom
164,Hartlepool,3.87,United Kingdom
165,Harwich,5.89,United Kingdom
166,Haslemere,5.96,United Kingdom
167,Havant,4.84,United Kingdom
168,Helford,6.71,United Kingdom
169,Herne Bay,5.36,United Kingdom
170,Hertfordshire,5.22,United Kingdom
171,Hexham,4.25,United Kingdom
172,High Wycombe,5.96,United Kingdom
173,Hitchin,4.92,United Kingdom
174,Holmfirth,5.22,United Kingdom
175,Holyhead,3.53,United Kingdom
176,Holywell,6.03,United Kingdom
177,Honiton,2.97,United Kingdom
178,Horsham,6.71,United Kingdom
179,Horsington,4.47,United Kingdom
180,Hounslow,5.29,United Kingdom
181,Huddersfield,4.14,United Kingdom
182,Hull,3.58,United Kingdom
183,Ilford,3.28,United Kingdom
184,Inverness,3.99,United Kingdom
185,Ipswich,5.22,United Kingdom
186,Isles Of Scilly,4.17,United Kingdom
187,Jersey,5.22,United Kingdom
188,Kendal,4.62,United Kingdom
189,Kennack Sands,6.11,United Kingdom
190,Kensington,6.26,United Kingdom
191,Kingston,5.36,United Kingdom
192,Kingswood,4.96,United Kingdom
193,Kirkcaldy,4.92,United Kingdom
194,Knutsford,3.49,United Kingdom
195,Lancaster,4.17,United Kingdom
196,Largs,4.62,United Kingdom
197,Leamington Spa,5.07,United Kingdom
198,Leeds,3.99,United Kingdom
199,Leicester,4.69,United Kingdom
200,Letchworth,4.31,United Kingdom
201,Lincoln,4.62,United Kingdom
202,Liverpool,4.2,United Kingdom
203,Lizard,6.41,United Kingdom
204,Llanboidy,4.32,United Kingdom
205,Llandudno,6.41,United Kingdom
206,Llanelli,3.73,United Kingdom
207,Llanfairpwllgwyngyll,5.36,United Kingdom
208,London,5.96,United Kingdom
209,"London, Archway",3.95,United Kingdom
210,Londonderry,4.47,United Kingdom
211,Loughborough,4.59,United Kingdom
212,Luton,2.98,United Kingdom
213,Lye,3.73,United Kingdom
214,Lymington,5.66,United Kingdom
215,Maesteg,3.43,United Kingdom
216,Manchester,4.69,United Kingdom
217,Mansfield,5.66,United Kingdom
218,Margate,6.11,United Kingdom
219,Melton Mowbray,3.13,United Kingdom
220,Merthyr Tydfil,4.02,United Kingdom
221,Mickle Trafford,2.91,United Kingdom
222,Middlesbrough,4.32,United Kingdom
223,Milton Keynes,4.69,United Kingdom
224,Minehead,3.73,United Kingdom
225,Mirfield,4.54,United Kingdom
226,Monifieth,4.4,United Kingdom
227,Montrose,4.1,United Kingdom
228,Morecambe,3.73,United Kingdom
229,Morpeth,2.61,United Kingdom
230,Mullion,5.81,United Kingdom
231,Mundesley,4.77,United Kingdom
232,Murton,2.98,United Kingdom
233,Mynyddislwyn,2.37,United Kingdom
234,Narberth,4.47,United Kingdom
235,New Romney,4.77,United Kingdom
236,Newark,4.65,United Kingdom
237,Newbury,4.77,United Kingdom
238,Newcastle,2.76,United Kingdom
239,Newcastle Upon Tyne,4.62,United Kingdom
240,Newick,5.66,United Kingdom
241,Newlyn,6.71,United Kingdom
242,Newmarket,5.36,United Kingdom
243,Newport,4.35,United Kingdom
244,Newry,4.17,United Kingdom
245,Northallerton,2.98,United Kingdom
246,Northampton,5.07,United Kingdom
247,Norwich,4.77,United Kingdom
248,Nottingham,4.44,United Kingdom
249,Oakham,4.47,United Kingdom
250,Oban,8.31,United Kingdom
251,Oldham,3.73,United Kingdom
252,Olney,6.78,United Kingdom
253,Orkney,4.47,United Kingdom
254,Ormskirk,4.02,United Kingdom
255,Otley,4.47,United Kingdom
256,Oundle,4.11,United Kingdom
257,Oxford,6.08,United Kingdom
258,Padgate,4.1,United Kingdom
259,Paisley,4.02,United Kingdom
260,Penygroes,4.62,United Kingdom
261,Perth,3.5,United Kingdom
262,Peterlee,2.83,United Kingdom
263,Petersfield,6.18,United Kingdom
264,Pin Mill,5.96,United Kingdom
265,Plymouth,4.62,United Kingdom
266,Pogmoor,4.47,United Kingdom
267,Poole,5.07,United Kingdom
268,Port St Mary,4.84,United Kingdom
269,Porthcawl,0.37,United Kingdom
270,Porthoustock,5.96,United Kingdom
271,Portobello,4.84,United Kingdom
272,Portsmouth,6.14,United Kingdom
273,Praa Sands,6.26,United Kingdom
274,Preston,3.43,United Kingdom
275,Prestwick,4.32,United Kingdom
276,Pwllheli,4.47,United Kingdom
277,Ramsgate,3.31,United Kingdom
278,Reading,5.44,United Kingdom
279,Redcar,2.61,United Kingdom
280,Redhill,4.05,United Kingdom
281,Ripon,4.47,United Kingdom
282,Rotherham,4.69,United Kingdom
283,ROTHESAY,5.22,United Kingdom
284,Rugby,5.84,United Kingdom
285,Ruislip,4.77,United Kingdom
286,Rutherglen,3.73,United Kingdom
287,Saffron Walden,5.44,United Kingdom
288,Saint Keverne,6.41,United Kingdom
289,Salford,4.32,United Kingdom
290,Salisbury,4.17,United Kingdom
291,Saltcoats,3.58,United Kingdom
292,Sandwich,4.47,United Kingdom
293,Sandy,4.32,United Kingdom
294,Scarborough,5.29,United Kingdom
295,Seaford,4.32,United Kingdom
296,Seascale,3.87,United Kingdom
297,Seaton Sluice,4.4,United Kingdom
298,Selby,3.73,United Kingdom
299,Sheerness,3.87,United Kingdom
300,Sheffield,3.87,United Kingdom
301,Sheldon,4.32,United Kingdom
302,Shepperton,5.44,United Kingdom
303,Shetland,3.95,United Kingdom
304,Shit,3.28,United Kingdom
305,Shrewsbury,4.32,United Kingdom
306,"Shrewsbury, United Kingdom",3.8,United Kingdom
307,Silloth,5.07,United Kingdom
308,SKEGNESS,3.87,United Kingdom
309,Slough,3.01,United Kingdom
310,Somersham (cambs),4.32,United Kingdom
311,South Normanton,3.43,United Kingdom
312,South Queensferry,3.73,United Kingdom
313,Southampton,4.92,United Kingdom
314,Southsea,5.96,United Kingdom
315,Southwell,3.87,United Kingdom
316,Southwell Nottingham,2.18,United Kingdom
317,Spalding,7.15,United Kingdom
318,St Albans,7.0,United Kingdom
319,St Austell,4.92,United Kingdom
320,St Blaise,5.22,United Kingdom
321,St Helens,4.47,United Kingdom
322,St Ives,5.07,United Kingdom
323,St Neots,4.32,United Kingdom
324,ST. AUSTELL,6.71,United Kingdom
325,St. Ives,4.25,United Kingdom
326,Stafford,5.22,United Kingdom
327,Steeple Claydon,2.77,United Kingdom
328,Stevenage,4.43,United Kingdom
329,Stillington,3.58,United Kingdom
330,Stilton,4.17,United Kingdom
331,Stirling,4.56,United Kingdom
332,Stockport,4.89,United Kingdom
333,Stoke-on-Trent,4.77,United Kingdom
334,Stonehaven,4.38,United Kingdom
335,Stornoway,4.47,United Kingdom
336,Stourbridge,5.51,United Kingdom
337,Stourport-on-Severn,4.32,United Kingdom
338,Stranmillis,4.62,United Kingdom
339,Stratford-upon-Avon,5.07,United Kingdom
340,Stroud,4.77,United Kingdom
341,Sturminster Marshall,4.47,United Kingdom
342,Sunderland,4.25,United Kingdom
343,Surbiton,5.22,United Kingdom
344,Sutton,6.26,United Kingdom
345,Swansea,3.87,United Kingdom
346,Sweary Parrot,4.77,United Kingdom
347,Swindon,4.17,United Kingdom
348,Tadcaster,2.38,United Kingdom
349,Taunton - Plough Inn,7.45,United Kingdom
350,Taunton Plough Inn,7.45,United Kingdom
351,Teddington,7.99,United Kingdom
352,Telford,2.62,United Kingdom
353,Thornaby On Tees,3.7,United Kingdom
354,Thunderbridge,9.69,United Kingdom
355,Thurstonland,5.96,United Kingdom
356,Tillicoultry,3.87,United Kingdom
357,Todmorden,2.98,United Kingdom
358,Torbay,5.07,United Kingdom
359,Torquay,5.22,United Kingdom
360,TRIMLEY ST MARIN,5.66,United Kingdom
361,Trouser Ferret,3.65,United Kingdom
362,Truro,4.47,United Kingdom
363,Tunbridge Wells,5.81,United Kingdom
364,Uddingston,3.73,United Kingdom
365,Ullapool,5.66,United Kingdom
366,Ulverston,2.83,United Kingdom
367,Uppingham,7.45,United Kingdom
368,Wakefield,3.58,United Kingdom
369,Wallasey,3.87,United Kingdom
370,Walsall,5.22,United Kingdom
371,Walton,4.47,United Kingdom
372,Wandsworth,4.92,United Kingdom
373,Wank,8.79,United Kingdom
374,Wank Piss,7.15,United Kingdom
375,Ware,6.48,United Kingdom
376,Warrington,5.14,United Kingdom
377,Warsash,6.56,United Kingdom
378,Warsop,5.84,United Kingdom
379,Watford,4.32,United Kingdom
380,Wells,4.77,United Kingdom
381,Weston-Super-Mare,4.84,United Kingdom
382,Whitby,2.09,United Kingdom
383,"Whitchurch, Shropshire",4.17,United Kingdom
384,Whyteleafe,4.77,United Kingdom
385,Wick,3.58,United Kingdom
386,Wigan,3.73,United Kingdom
387,Wilmslow,4.4,United Kingdom
388,Winchester,6.41,United Kingdom
389,Windsor,5.96,United Kingdom
390,Winsford,3.8,United Kingdom
391,Wivenhoe,5.51,United Kingdom
392,Woking,4.62,United Kingdom
393,Wokingham,5.89,United Kingdom
394,Wolverhampton,4.13,United Kingdom
395,Woolacombe,5.22,United Kingdom
396,Worcester,4.59,United Kingdom
397,Worksop,4.47,United Kingdom
398,Worthing,5.51,United Kingdom
399,Wrexham,4.47,United Kingdom
400,Yaverland,4.77,United Kingdom
401,Yeovil,5.81,United Kingdom
402,York,4.47,United Kingdom
1,,4.17,United Kingdom
2,Aberdeen,5.07,United Kingdom
3,Aberystwyth,3.58,United Kingdom
4,Acton,6.26,United Kingdom
5,Airdrie,3.43,United Kingdom
6,Aldershot,4.47,United Kingdom
7,Alloa,4.92,United Kingdom
8,Altrincham,3.52,United Kingdom
9,Amblecote,4.1,United Kingdom
10,Andover,5.51,United Kingdom
11,Ansty,5.22,United Kingdom
12,Arbroath,4.35,United Kingdom
13,Armagh,4.14,United Kingdom
14,Ashford,6.85,United Kingdom
15,Augher,4.25,United Kingdom
16,Aviemore,4.02,United Kingdom
17,Aylesbury,4.47,United Kingdom
18,Bagshot,5.36,United Kingdom
19,Bailiwick Of Jersey,5.42,United Kingdom
20,Balloo,4.77,United Kingdom
21,Bangor,4.92,United Kingdom
22,Barnard Castle,2.61,United Kingdom
23,Barnsley,3.73,United Kingdom
24,Barnstaple,4.84,United Kingdom
25,Barrow-in-Furness,1.64,United Kingdom
26,Barton Up[on Humber,5.22,United Kingdom
27,Basildon,4.41,United Kingdom
28,Basingstoke,4.92,United Kingdom
29,Bath,4.84,United Kingdom
30,Bathgate,2.98,United Kingdom
31,Bebington,5.81,United Kingdom
32,Beccles,3.87,United Kingdom
33,Bedford,4.47,United Kingdom
34,Belfast,4.77,United Kingdom
35,Belper,4.47,United Kingdom
36,Beverley,5.07,United Kingdom
37,Bewdley,4.17,United Kingdom
38,Bexhill,4.77,United Kingdom
39,Bexleyheath,4.51,United Kingdom
40,Bicester,4.84,United Kingdom
41,Biddulph,4.25,United Kingdom
42,Birkenhead,2.91,United Kingdom
43,Birmingham,4.38,United Kingdom
44,Blackburn,3.95,United Kingdom
45,Blackpool,3.95,United Kingdom
46,Bloxwich,3.65,United Kingdom
47,Boat Of Garten,5.51,United Kingdom
48,Bolsover,3.87,United Kingdom
49,Bolton,4.47,United Kingdom
50,Bonnyrigg,4.32,United Kingdom
51,Borehamwood,4.98,United Kingdom
52,Bournemouth,4.43,United Kingdom
53,Bradford,4.05,United Kingdom
54,Brentwood,5.66,United Kingdom
55,Bridgend,1.49,United Kingdom
56,Bridlington,2.97,United Kingdom
57,Bridport,4.17,United Kingdom
58,Brighton,5.22,United Kingdom
59,Bristol,4.47,United Kingdom
60,Bromley,4.99,United Kingdom
61,Broughty Ferry,4.54,United Kingdom
62,Buckie,4.47,United Kingdom
63,Buckley,5.22,United Kingdom
64,Burgess Hill,5.33,United Kingdom
65,Burnham,4.77,United Kingdom
66,Burnley,3.28,United Kingdom
67,Burton Upo Trent,4.62,United Kingdom
68,Burton-on-Trent,2.97,United Kingdom
69,Bury,3.73,United Kingdom
70,Bury St Edmunds,1.48,United Kingdom
71,Cadgwith,6.71,United Kingdom
72,Caernarfon,4.32,United Kingdom
73,Caerphilly,4.47,United Kingdom
74,Caersws,3.58,United Kingdom
75,Cambridge,5.6,United Kingdom
76,Camden Town,5.22,United Kingdom
77,Canley,4.47,United Kingdom
78,Canterbury,5.07,United Kingdom
79,Cardiff,4.47,United Kingdom
80,Carlisle,3.5,United Kingdom
81,Carmarthen,5.66,United Kingdom
82,Catswhiskers,3.95,United Kingdom
83,Chatteris,4.1,United Kingdom
84,Chelmsford,3.87,United Kingdom
85,Cheltenham,4.62,United Kingdom
86,Chester,4.47,United Kingdom
87,Chester-le-Street,4.25,United Kingdom
88,Chichester,5.07,United Kingdom
89,Child Okeford,4.92,United Kingdom
90,Chingford,5.51,United Kingdom
91,Chipping Norton,4.25,United Kingdom
92,Chislehurst,7.3,United Kingdom
93,Clacton-on-Sea,3.73,United Kingdom
94,Claygate,6.33,United Kingdom
95,Clydebank,4.25,United Kingdom
96,Cockermouth,4.47,United Kingdom
97,Colchester,4.4,United Kingdom
98,Coventry,3.73,United Kingdom
99,Coverack,6.26,United Kingdom
100,Cranleigh,5.74,United Kingdom
101,Crewe,4.02,United Kingdom
102,Crouch End,5.66,United Kingdom
103,Croydon,2.97,United Kingdom
104,Cury,5.81,United Kingdom
105,Cwm Scwt,9.69,United Kingdom
106,Darlington,3.16,United Kingdom
107,Dartford,6.78,United Kingdom
108,Dartford Holiday Inn Express,5.74,United Kingdom
109,Daventry Town,4.62,United Kingdom
110,Derby,4.69,United Kingdom
111,Derry,5.07,United Kingdom
112,Dewsbury,4.62,United Kingdom
113,Dogs Bollocks,4.28,United Kingdom
114,Doncaster,5.22,United Kingdom
115,Dorking,5.96,United Kingdom
116,Douglas,5.22,United Kingdom
117,Dumfries,3.75,United Kingdom
118,Dundee,4.35,United Kingdom
119,Dunfermline,4.62,United Kingdom
120,Durham,3.13,United Kingdom
121,East Grinstead,4.77,United Kingdom
122,Eastleigh,2.91,United Kingdom
123,Edinburgh,5.59,United Kingdom
124,Egham,5.36,United Kingdom
125,Elgin,3.58,United Kingdom
126,Ellesmere,3.8,United Kingdom
127,England,4.17,United Kingdom
128,Enniskillen,5.07,United Kingdom
129,Epsom,5.07,United Kingdom
130,Errol,4.47,United Kingdom
131,Esher,6.71,United Kingdom
132,Exeter,4.47,United Kingdom
133,Falkirk,4.25,United Kingdom
134,Falmouth,6.11,United Kingdom
135,Farnham Royle,4.62,United Kingdom
136,Faversham,4.25,United Kingdom
137,Felixsrtowe,4.92,United Kingdom
138,Felixstowe,4.47,United Kingdom
139,Finsbury Park,4.77,United Kingdom
140,Fishponds,4.77,United Kingdom
141,Folkestone,4.47,United Kingdom
142,Forest Row,5.74,United Kingdom
143,Formby,5.65,United Kingdom
144,Four Lanes,6.56,United Kingdom
145,Fraserburgh,3.73,United Kingdom
146,Frome,5.22,United Kingdom
147,Gateshead,2.68,United Kingdom
148,Glasgow,4.14,United Kingdom
149,Glasson,3.5,United Kingdom
150,Gloucester,4.77,United Kingdom
151,Gosport,4.32,United Kingdom
152,Grantham,4.47,United Kingdom
153,Great Broughton,3.87,United Kingdom
154,Great Yarmouth,4.47,United Kingdom
155,Greenford,4.84,United Kingdom
156,Grimsby,3.43,United Kingdom
157,Guildford,6.71,United Kingdom
158,Gunwalloe,5.96,United Kingdom
159,Halifax,4.17,United Kingdom
160,Hamilton,3.58,United Kingdom
161,Harlow,4.92,United Kingdom
162,Harrogate,5.22,United Kingdom
163,Harrow,5.07,United Kingdom
164,Hartlepool,3.87,United Kingdom
165,Harwich,5.89,United Kingdom
166,Haslemere,5.96,United Kingdom
167,Havant,4.84,United Kingdom
168,Helford,6.71,United Kingdom
169,Herne Bay,5.36,United Kingdom
170,Hertfordshire,5.22,United Kingdom
171,Hexham,4.25,United Kingdom
172,High Wycombe,5.96,United Kingdom
173,Hitchin,4.92,United Kingdom
174,Holmfirth,5.22,United Kingdom
175,Holyhead,3.53,United Kingdom
176,Holywell,6.03,United Kingdom
177,Honiton,2.97,United Kingdom
178,Horsham,6.71,United Kingdom
179,Horsington,4.47,United Kingdom
180,Hounslow,5.29,United Kingdom
181,Huddersfield,4.14,United Kingdom
182,Hull,3.58,United Kingdom
183,Ilford,3.28,United Kingdom
184,Inverness,3.99,United Kingdom
185,Ipswich,5.22,United Kingdom
186,Isles Of Scilly,4.17,United Kingdom
187,Jersey,5.22,United Kingdom
188,Kendal,4.62,United Kingdom
189,Kennack Sands,6.11,United Kingdom
190,Kensington,6.26,United Kingdom
191,Kingston,5.36,United Kingdom
192,Kingswood,4.96,United Kingdom
193,Kirkcaldy,4.92,United Kingdom
194,Knutsford,3.49,United Kingdom
195,Lancaster,4.17,United Kingdom
196,Largs,4.62,United Kingdom
197,Leamington Spa,5.07,United Kingdom
198,Leeds,3.99,United Kingdom
199,Leicester,4.69,United Kingdom
200,Letchworth,4.31,United Kingdom
201,Lincoln,4.62,United Kingdom
202,Liverpool,4.2,United Kingdom
203,Lizard,6.41,United Kingdom
204,Llanboidy,4.32,United Kingdom
205,Llandudno,6.41,United Kingdom
206,Llanelli,3.73,United Kingdom
207,Llanfairpwllgwyngyll,5.36,United Kingdom
208,London,5.96,United Kingdom
209,"London, Archway",3.95,United Kingdom
210,Londonderry,4.47,United Kingdom
211,Loughborough,4.59,United Kingdom
212,Luton,2.98,United Kingdom
213,Lye,3.73,United Kingdom
214,Lymington,5.66,United Kingdom
215,Maesteg,3.43,United Kingdom
216,Manchester,4.69,United Kingdom
217,Mansfield,5.66,United Kingdom
218,Margate,6.11,United Kingdom
219,Melton Mowbray,3.13,United Kingdom
220,Merthyr Tydfil,4.02,United Kingdom
221,Mickle Trafford,2.91,United Kingdom
222,Middlesbrough,4.32,United Kingdom
223,Milton Keynes,4.69,United Kingdom
224,Minehead,3.73,United Kingdom
225,Mirfield,4.54,United Kingdom
226,Monifieth,4.4,United Kingdom
227,Montrose,4.1,United Kingdom
228,Morecambe,3.73,United Kingdom
229,Morpeth,2.61,United Kingdom
230,Mullion,5.81,United Kingdom
231,Mundesley,4.77,United Kingdom
232,Murton,2.98,United Kingdom
233,Mynyddislwyn,2.37,United Kingdom
234,Narberth,4.47,United Kingdom
235,New Romney,4.77,United Kingdom
236,Newark,4.65,United Kingdom
237,Newbury,4.77,United Kingdom
238,Newcastle,2.76,United Kingdom
239,Newcastle Upon Tyne,4.62,United Kingdom
240,Newick,5.66,United Kingdom
241,Newlyn,6.71,United Kingdom
242,Newmarket,5.36,United Kingdom
243,Newport,4.35,United Kingdom
244,Newry,4.17,United Kingdom
245,Northallerton,2.98,United Kingdom
246,Northampton,5.07,United Kingdom
247,Norwich,4.77,United Kingdom
248,Nottingham,4.44,United Kingdom
249,Oakham,4.47,United Kingdom
250,Oban,8.31,United Kingdom
251,Oldham,3.73,United Kingdom
252,Olney,6.78,United Kingdom
253,Orkney,4.47,United Kingdom
254,Ormskirk,4.02,United Kingdom
255,Otley,4.47,United Kingdom
256,Oundle,4.11,United Kingdom
257,Oxford,6.08,United Kingdom
258,Padgate,4.1,United Kingdom
259,Paisley,4.02,United Kingdom
260,Penygroes,4.62,United Kingdom
261,Perth,3.5,United Kingdom
262,Peterlee,2.83,United Kingdom
263,Petersfield,6.18,United Kingdom
264,Pin Mill,5.96,United Kingdom
265,Plymouth,4.62,United Kingdom
266,Pogmoor,4.47,United Kingdom
267,Poole,5.07,United Kingdom
268,Port St Mary,4.84,United Kingdom
269,Porthcawl,0.37,United Kingdom
270,Porthoustock,5.96,United Kingdom
271,Portobello,4.84,United Kingdom
272,Portsmouth,6.14,United Kingdom
273,Praa Sands,6.26,United Kingdom
274,Preston,3.43,United Kingdom
275,Prestwick,4.32,United Kingdom
276,Pwllheli,4.47,United Kingdom
277,Ramsgate,3.31,United Kingdom
278,Reading,5.44,United Kingdom
279,Redcar,2.61,United Kingdom
280,Redhill,4.05,United Kingdom
281,Ripon,4.47,United Kingdom
282,Rotherham,4.69,United Kingdom
283,ROTHESAY,5.22,United Kingdom
284,Rugby,5.84,United Kingdom
285,Ruislip,4.77,United Kingdom
286,Rutherglen,3.73,United Kingdom
287,Saffron Walden,5.44,United Kingdom
288,Saint Keverne,6.41,United Kingdom
289,Salford,4.32,United Kingdom
290,Salisbury,4.17,United Kingdom
291,Saltcoats,3.58,United Kingdom
292,Sandwich,4.47,United Kingdom
293,Sandy,4.32,United Kingdom
294,Scarborough,5.29,United Kingdom
295,Seaford,4.32,United Kingdom
296,Seascale,3.87,United Kingdom
297,Seaton Sluice,4.4,United Kingdom
298,Selby,3.73,United Kingdom
299,Sheerness,3.87,United Kingdom
300,Sheffield,3.87,United Kingdom
301,Sheldon,4.32,United Kingdom
302,Shepperton,5.44,United Kingdom
303,Shetland,3.95,United Kingdom
304,Shit,3.28,United Kingdom
305,Shrewsbury,4.32,United Kingdom
306,"Shrewsbury, United Kingdom",3.8,United Kingdom
307,Silloth,5.07,United Kingdom
308,SKEGNESS,3.87,United Kingdom
309,Slough,3.01,United Kingdom
310,Somersham (cambs),4.32,United Kingdom
311,South Normanton,3.43,United Kingdom
312,South Queensferry,3.73,United Kingdom
313,Southampton,4.92,United Kingdom
314,Southsea,5.96,United Kingdom
315,Southwell,3.87,United Kingdom
316,Southwell Nottingham,2.18,United Kingdom
317,Spalding,7.15,United Kingdom
318,St Albans,7.0,United Kingdom
319,St Austell,4.92,United Kingdom
320,St Blaise,5.22,United Kingdom
321,St Helens,4.47,United Kingdom
322,St Ives,5.07,United Kingdom
323,St Neots,4.32,United Kingdom
324,ST. AUSTELL,6.71,United Kingdom
325,St. Ives,4.25,United Kingdom
326,Stafford,5.22,United Kingdom
327,Steeple Claydon,2.77,United Kingdom
328,Stevenage,4.43,United Kingdom
329,Stillington,3.58,United Kingdom
330,Stilton,4.17,United Kingdom
331,Stirling,4.56,United Kingdom
332,Stockport,4.89,United Kingdom
333,Stoke-on-Trent,4.77,United Kingdom
334,Stonehaven,4.38,United Kingdom
335,Stornoway,4.47,United Kingdom
336,Stourbridge,5.51,United Kingdom
337,Stourport-on-Severn,4.32,United Kingdom
338,Stranmillis,4.62,United Kingdom
339,Stratford-upon-Avon,5.07,United Kingdom
340,Stroud,4.77,United Kingdom
341,Sturminster Marshall,4.47,United Kingdom
342,Sunderland,4.25,United Kingdom
343,Surbiton,5.22,United Kingdom
344,Sutton,6.26,United Kingdom
345,Swansea,3.87,United Kingdom
346,Sweary Parrot,4.77,United Kingdom
347,Swindon,4.17,United Kingdom
348,Tadcaster,2.38,United Kingdom
349,Taunton - Plough Inn,7.45,United Kingdom
350,Taunton Plough Inn,7.45,United Kingdom
351,Teddington,7.99,United Kingdom
352,Telford,2.62,United Kingdom
353,Thornaby On Tees,3.7,United Kingdom
354,Thunderbridge,9.69,United Kingdom
355,Thurstonland,5.96,United Kingdom
356,Tillicoultry,3.87,United Kingdom
357,Todmorden,2.98,United Kingdom
358,Torbay,5.07,United Kingdom
359,Torquay,5.22,United Kingdom
360,TRIMLEY ST MARIN,5.66,United Kingdom
361,Trouser Ferret,3.65,United Kingdom
362,Truro,4.47,United Kingdom
363,Tunbridge Wells,5.81,United Kingdom
364,Uddingston,3.73,United Kingdom
365,Ullapool,5.66,United Kingdom
366,Ulverston,2.83,United Kingdom
367,Uppingham,7.45,United Kingdom
368,Wakefield,3.58,United Kingdom
369,Wallasey,3.87,United Kingdom
370,Walsall,5.22,United Kingdom
371,Walton,4.47,United Kingdom
372,Wandsworth,4.92,United Kingdom
373,Wank,8.79,United Kingdom
374,Wank Piss,7.15,United Kingdom
375,Ware,6.48,United Kingdom
376,Warrington,5.14,United Kingdom
377,Warsash,6.56,United Kingdom
378,Warsop,5.84,United Kingdom
379,Watford,4.32,United Kingdom
380,Wells,4.77,United Kingdom
381,Weston-Super-Mare,4.84,United Kingdom
382,Whitby,2.09,United Kingdom
383,"Whitchurch, Shropshire",4.17,United Kingdom
384,Whyteleafe,4.77,United Kingdom
385,Wick,3.58,United Kingdom
386,Wigan,3.73,United Kingdom
387,Wilmslow,4.4,United Kingdom
388,Winchester,6.41,United Kingdom
389,Windsor,5.96,United Kingdom
390,Winsford,3.8,United Kingdom
391,Wivenhoe,5.51,United Kingdom
392,Woking,4.62,United Kingdom
393,Wokingham,5.89,United Kingdom
394,Wolverhampton,4.13,United Kingdom
395,Woolacombe,5.22,United Kingdom
396,Worcester,4.59,United Kingdom
397,Worksop,4.47,United Kingdom
398,Worthing,5.51,United Kingdom
399,Wrexham,4.47,United Kingdom
400,Yaverland,4.77,United Kingdom
401,Yeovil,5.81,United Kingdom
402,York,4.47,United Kingdom
1,Banska Bystrica,1.43,Afghanistan
2,Fogobofab,3.99,Afghanistan
3,Kabul,3.13,Afghanistan
4,Kandahar,0.8,Afghanistan
5,Nijeveen,2.98,Afghanistan
6,Prague,1.79,Afghanistan
1,Durres,0.86,Albania
2,KorÃ§Ã«,0.57,Albania
3,KukÃ«s County,1.18,Albania
4,LezhÃ« District,0.75,Albania
5,Sarande,0.75,Albania
6,Setgdtydftf,2.0,Albania
7,Tirana,1.13,Albania
1,Alger,2.59,Algeria
2,Algiers,5.39,Algeria
3,Hassi Messaoud,1.34,Algeria
1,Andorra La Vella,4.47,Andorra
1,Lobito,2.09,Angola
2,Luanda,2.86,Angola
1,Liberta,2.4,Antigua and Barbuda
2,St John's,npriced,Antigua and Barbuda
1,BolÃ­var,0.75,Argentina
2,Buenos Aires,1.59,Argentina
3,CATAMARCA,3.99,Argentina
4,Cordoba,3.13,Argentina
5,Eldorado,1.82,Argentina
6,FLORESTA CHUPAME ESTA,0.07,Argentina
7,India,3.9,Argentina
8,La Plata,1.34,Argentina
9,Neuquen,3.99,Argentina
10,Palermo,3.17,Argentina
11,Parana,0.6,Argentina
12,Rafaela,1.04,Argentina
13,Resistencia,5.45,Argentina
14,Rio Gallegos,3.5,Argentina
15,Rosario,1.12,Argentina
16,Salta,0.97,Argentina
17,San Rafael,2.52,Argentina
18,Santa Fe,3.32,Argentina
19,TEMPERLEY Ciudad De La Locura,1.49,Argentina
20,TucumÃ¡n,0.82,Argentina
21,Ushuaia,5.68,Argentina
22,Villa Martelli,1.36,Argentina
1,Kapan,1.03,Armenia
2,Yerevan,1.5,Armenia
1,Nietdiset,2.73,Aruba
2,Oranjestad,3.04,Aruba
3,Williamstad,1.82,Aruba
1,Adelaide,4.46,Australia
2,Airlie Beach,5.84,Australia
3,Alice Springs,3.65,Australia
4,Ballarat,4.22,Australia
5,Belgium Beer Cafe,11.68,Australia
6,Bendigo,2.77,Australia
7,BRIS,5.1,Australia
8,Brisbane,5.84,Australia
9,Broome,12.25,Australia
10,Bundoora,2.56,Australia
11,Canberra,8.79,Australia
12,Canowindra,5.1,Australia
13,Childers,2.62,Australia
14,Cottesloe,0.37,Australia
15,Darwin,6.41,Australia
16,Drinkandawank,4.59,Australia
17,Dubbo,3.43,Australia
18,Fortitude Valley,6.94,Australia
19,Fremantle,9.24,Australia
20,Geelong,6.14,Australia
21,Gold Coast,4.93,Australia
22,Hervey Bay,4.02,Australia
23,Hobart,6.68,Australia
24,Hobart CBD,4.02,Australia
25,Karratha,12.75,Australia
26,Launceston,7.45,Australia
27,Logan,7.14,Australia
28,Mackay,1.46,Australia
29,Melbourne,7.67,Australia
30,Merimbula,5.1,Australia
31,Merredin,8.88,Australia
32,Minto,3.35,Australia
33,Mullumbimby,3.5,Australia
34,New South Wales,5.1,Australia
35,Newcastle,3.87,Australia
36,Nullarbor,6.94,Australia
37,Orange,5.3,Australia
38,Perth,8.05,Australia
39,Port Denison,12.25,Australia
40,Port Douglas,8.17,Australia
41,Swifts Creek,2.62,Australia
42,Sydney,5.84,Australia
43,Taree,2.19,Australia
44,Tathra,5.45,Australia
45,Victoria,5.1,Australia
46,Walgett,2.47,Australia
47,Warrnambool,10.42,Australia
48,Willywanger,0.15,Australia
49,Wollongong,3.65,Australia
1,Abwinden,4.46,Austria
2,Bad Hall,3.89,Austria
3,Bad Kleinkirchheim,3.89,Austria
4,Feldkirch,3.75,Austria
5,Gaweinstal,2.52,Austria
6,Graz,3.89,Austria
7,Hard,3.23,Austria
8,Innsbruck,3.84,Austria
9,Ischgl,8.94,Austria
10,Kottingbrunn,4.28,Austria
11,Lech,7.78,Austria
12,Linz,3.78,Austria
13,Niederau,4.14,Austria
14,Ottensheim,3.78,Austria
15,Pertisau,4.66,Austria
16,Salzburg,3.31,Austria
17,Sankt AndrÃ¤ Am Zicksee,3.41,Austria
18,Sankt Anton Am Arlberg,5.36,Austria
19,Sankt Johann,3.78,Austria
20,Seefeld,4.62,Austria
21,Solden,3.52,Austria
22,SÃ¶ll,4.53,Austria
23,TNF Kammerl,1.3,Austria
24,Vienna,3.89,Austria
25,Westendorf,4.04,Austria
26,Wien,4.17,Austria
27,Zell Am See,4.54,Austria
28,Zwettl,3.89,Austria
1,Baku,2.24,Azerbaijan
1,Guchcb,4.5,Azores
2,Horta,2.52,Azores
3,Lajes,3.58,Azores
4,Madalena,1.27,Azores
5,Ponta Delgada,2.21,Azores
1,Nassau,2.99,Bahamas
1,Gushy,7.96,Bahrain
2,ManÄma,4.34,Bahrain
1,C,3.29,Bangladesh
2,Cox's Bazar,npriced,Bangladesh
3,Dhaka,2.73,Bangladesh
1,Bridgetown,1.5,Barbados
2,The Gap,4.02,Barbados
1,Aalst,1.89,Belgium
2,Aarschot,2.4,Belgium
3,Achel,2.28,Belgium
4,Affligem,1.83,Belgium
5,Alken,1.27,Belgium
6,Antwerp,2.4,Belgium
7,Antwerpen,2.28,Belgium
8,Aubel,1.27,Belgium
9,Baaschtnech,1.89,Belgium
10,Beerse,2.65,Belgium
11,Beersel,1.52,Belgium
12,Bertem,1.27,Belgium
13,Betekom,1.27,Belgium
14,Bilzen,1.27,Belgium
15,Blankenberge,1.76,Belgium
16,Bocholt,1.77,Belgium
17,Boechout,2.15,Belgium
18,Bonheiden,1.46,Belgium
19,Boom,1.18,Belgium
20,Brasschaat,2.52,Belgium
21,Bredene,2.07,Belgium
22,Bree,1.28,Belgium
23,Bruges,4.43,Belgium
24,Brugge,5.17,Belgium
25,Brussels,3.02,Belgium
26,Bruxelles,1.3,Belgium
27,Charleroi,2.15,Belgium
28,City Of Brussels,6.48,Belgium
29,De Haan,2.52,Belgium
30,Deerlijk,1.89,Belgium
31,Denderhoutem,1.27,Belgium
32,Dendermonde,1.27,Belgium
33,Denee,1.3,Belgium
34,Dessel,2.52,Belgium
35,Desselgem,1.89,Belgium
36,Diest,1.67,Belgium
37,Diksmuide,1.77,Belgium
38,Duffel,1.52,Belgium
39,Edegem,1.27,Belgium
40,Emblem,1.27,Belgium
41,Eppegem,2.15,Belgium
42,Erps-Kwerps,1.89,Belgium
43,Eupen,0.85,Belgium
44,Geel,1.88,Belgium
45,Genk,1.27,Belgium
46,Gent,1.83,Belgium
47,Geraardsbergen,1.27,Belgium
48,Ghent,2.28,Belgium
49,Grimminge,1.27,Belgium
50,Haasrode,1.27,Belgium
51,Halle,2.21,Belgium
52,Harelbeke,1.58,Belgium
53,Hasselt,1.27,Belgium
54,Heist-op-den-Berg,1.64,Belgium
55,Herbesthal,1.27,Belgium
56,Herentals,1.27,Belgium
57,Hever,1.95,Belgium
58,Houffalize,2.52,Belgium
59,Hulste,1.77,Belgium
60,Ieper,2.15,Belgium
61,Ingelmunster,1.64,Belgium
62,Izegem,1.27,Belgium
63,Jette,1.83,Belgium
64,Kalmthout,1.89,Belgium
65,Kampenhout,1.89,Belgium
66,Kermt,2.03,Belgium
67,Knokke,2.52,Belgium
68,Knokke-Heist,2.21,Belgium
69,Kontich,5.05,Belgium
70,Kortenberg,1.58,Belgium
71,Kortrijk,2.28,Belgium
72,Kraainem,1.89,Belgium
73,Kruishoutem,2.03,Belgium
74,Kuurne,1.64,Belgium
75,Langdorp,1.27,Belgium
76,Leuven,1.27,Belgium
77,Liedekerke,1.3,Belgium
78,Liege,1.94,Belgium
79,Lier,1.97,Belgium
80,Lierneux,2.15,Belgium
81,Lille,1.55,Belgium
82,Lippelo,2.03,Belgium
83,Louvain-la-Neuve,1.3,Belgium
84,Lummen,1.89,Belgium
85,Maaseik,1.27,Belgium
86,Maasmechelen,1.89,Belgium
87,Mechelen,2.28,Belgium
88,Meerhout,1.64,Belgium
89,Merelbeke,1.52,Belgium
90,Merksplas,2.03,Belgium
91,Moen,2.52,Belgium
92,Mol,2.52,Belgium
93,Mons,2.15,Belgium
94,Mont-saint-guibert,1.91,Belgium
95,Mortsel,1.58,Belgium
96,Mouscron,1.58,Belgium
97,Namur,3.89,Belgium
98,Nederokkerzeel,1.7,Belgium
99,Neerpelt,2.53,Belgium
100,Niel,1.18,Belgium
101,Ninove,1.27,Belgium
102,Olmen,1.27,Belgium
103,Oostduinkerke,5.05,Belgium
104,Oostende,4.43,Belgium
105,Opwijk,1.52,Belgium
106,Ottenburg,3.78,Belgium
107,Oudenaarde,1.58,Belgium
108,Overpelt,1.52,Belgium
109,Paal,1.27,Belgium
110,Parike,1.27,Belgium
111,Poperinge,1.27,Belgium
112,Puurs,3.78,Belgium
113,Ranst,0.76,Belgium
114,Relst,1.46,Belgium
115,Rijkevorsel,2.03,Belgium
116,Roeselare,2.03,Belgium
117,Ronse,1.27,Belgium
118,Rumst,1.89,Belgium
119,Schaerbeek,1.77,Belgium
120,Scheldewindeke,1.27,Belgium
121,Scherpenheuvel,1.3,Belgium
122,Schoten,1.27,Belgium
123,Schulen,1.27,Belgium
124,Sint-Niklaas,1.89,Belgium
125,Sint-Pieters-Leeuw,1.64,Belgium
126,Sint-Truiden,4.77,Belgium
127,Steenokkerzeel,1.77,Belgium
128,Stokkem,5.05,Belgium
129,Temse,1.27,Belgium
130,Tielt,2.15,Belgium
131,Tienen,2.91,Belgium
132,Tongeren,1.27,Belgium
133,Turnhout,2.28,Belgium
134,Vleteren,1.27,Belgium
135,Vosselaar,3.16,Belgium
136,Vossem,1.27,Belgium
137,Wambeek,1.27,Belgium
138,Waregem,1.89,Belgium
139,Wemmel,1.89,Belgium
140,Westerlo,1.27,Belgium
141,Wetteren,1.27,Belgium
142,Willebroek,1.27,Belgium
143,Wommelgem,1.89,Belgium
144,Ypres,5.96,Belgium
145,Zedelgem,1.89,Belgium
146,Zele,1.89,Belgium
147,Zottegem,1.89,Belgium
148,Zutendaal,1.89,Belgium
149,Zwevegem,1.27,Belgium
150,Zwevezele,1.27,Belgium
1,Belmopan,1.06,Belize
2,Consejo,2.62,Belize
3,Orange Walk,1.55,Belize
4,Placencia,3.49,Belize
5,San Ignacio,1.88,Belize
1,Hamilton,5.72,Bermuda
1,Paro,0.89,Bhutan
2,Thimphu,0.19,Bhutan
1,Cochabamba,1.04,Bolivia
2,Guarayos,0.64,Bolivia
3,La Paz,0.75,Bolivia
4,San MatÃ­as,0.75,Bolivia
5,Santa Cruz,0.55,Bolivia
6,Santa Cruz De La Sierra,0.76,Bolivia
7,Sucre,1.0,Bolivia
8,Trinidad,0.37,Bolivia
1,Kralendijk,2.24,Bonaire
1,Banja Luka,0.66,Bosnia and Herzegovina
2,Bihac,0.94,Bosnia and Herzegovina
3,Bijeljina,1.18,Bosnia and Herzegovina
4,Bosanska Krupa,0.88,Bosnia and Herzegovina
5,Äapljina,1.18,Bosnia and Herzegovina
6,Derventa,0.98,Bosnia and Herzegovina
7,FoÄa,0.88,Bosnia and Herzegovina
8,Gacko,0.88,Bosnia and Herzegovina
9,Gradacac,0.7,Bosnia and Herzegovina
10,MiliÄi,0.94,Bosnia and Herzegovina
11,Mostar,1.7,Bosnia and Herzegovina
12,Novi Travnik,1.3,Bosnia and Herzegovina
13,Sarajevo,1.77,Bosnia and Herzegovina
14,Srebrenik,0.88,Bosnia and Herzegovina
15,Travnik,1.18,Bosnia and Herzegovina
16,Trebinje,2.68,Bosnia and Herzegovina
17,Tuzla,1.37,Bosnia and Herzegovina
18,Velika KladuÅ¡a,1.18,Bosnia and Herzegovina
19,Visoko,1.27,Bosnia and Herzegovina
20,Vitez,0.88,Bosnia and Herzegovina
21,Zenica,1.46,Bosnia and Herzegovina
22,Zvornik,1.18,Bosnia and Herzegovina
1,Gaborone,1.88,Botswana
1,,0.75,Brazil
2,Adamantina,1.82,Brazil
3,Ãguas De SÃ£o Pedro,2.73,Brazil
4,Agudos,1.59,Brazil
5,Alfenas,1.64,Brazil
6,Almenara,1.49,Brazil
7,Americana,0.89,Brazil
8,Apucarana,0.91,Brazil
9,Argentino Viado,0.13,Brazil
10,ArmaÃ§Ã£o De BÃºzios,4.47,Brazil
11,Assis,1.3,Brazil
12,Barretos,1,Brazil
13,Bauru,1.82,Brazil
14,Belo Horizonte,1.49,Brazil
15,Blumenau,0.91,Brazil
16,Boa Vista,3.99,Brazil
17,BraganÃ§a Paulista,2.21,Brazil
18,Brasilia,1.85,Brazil
19,Brusque,1.31,Brazil
20,Campinas,2.52,Brazil
21,Campos Do JordÃ£o,10.91,Brazil
22,Canela,1.82,Brazil
23,Caxias Do Sul,1.09,Brazil
24,ChuÃ­,1.73,Brazil
25,Copacabana,1.27,Brazil
26,CuiabÃ¡,1.27,Brazil
27,Curitiba,4.98,Brazil
28,Florianopolis,1.92,Brazil
29,Fortaleza,1.27,Brazil
30,GoiÃ¢nia,2.4,Brazil
31,Gramado,2.73,Brazil
32,Guaratingueta,2.89,Brazil
33,GuarujÃ¡,1.27,Brazil
34,Guarulhos,4.54,Brazil
35,Herval D`Oeste,2.09,Brazil
36,Itaipava,0.82,Brazil
37,Itaperuna,1.19,Brazil
38,Itu,0.89,Brazil
39,Jales,0.95,Brazil
40,JaÃº,1.27,Brazil
41,Joinville,1,Brazil
42,JundiaÃ­,2.26,Brazil
43,Limoeiro Do Norte,1,Brazil
44,Londrina,0.91,Brazil
45,MacapÃ¡,0.76,Brazil
46,MarabÃ¡,0.95,Brazil
47,MaringÃ¡,0.95,Brazil
48,Natal,1.06,Brazil
49,Osasco,1.82,Brazil
50,Paulinia,5.45,Brazil
51,Pelotas,0.75,Brazil
52,PetrÃ³polis,2,Brazil
53,Piracicaba,2.18,Brazil
54,Porto Alegre,1.5,Brazil
55,Porto Seguro,1.49,Brazil
56,Praia Grande,2.31,Brazil
57,Recife,1.34,Brazil
58,Rio,3.23,Brazil
59,Rio De Janeiro,2.09,Brazil
60,Salvador,1.37,Brazil
61,Santa BÃ¡rbara D'Oeste,npriced,Brazil
62,Santos,1.27,Brazil
63,Sao Jose,3.73,Brazil
64,SÃ£o JosÃ© Dos Campos,1.82,Brazil
65,Sao Paulo,1.5,Brazil
66,Sorocaba,1,Brazil
67,Taquara,1.36,Brazil
68,Teresina,1.3,Brazil
69,Valinhos,1.86,Brazil
70,Varginha,1.04,Brazil
71,Vitoria,1.56,Brazil
1,,1.49,Brunei
2,Bandar Seri Begawan,4.5,Brunei
1,Bansko,2.61,Bulgaria
2,Bansko Municipality,2.12,Bulgaria
3,Borovets,2.98,Bulgaria
4,Burgas,1.34,Bulgaria
5,Kocherinovo,2.38,Bulgaria
6,Kyustendil,1.01,Bulgaria
7,Nesebar,2.24,Bulgaria
8,Nesebar Municipality,3.73,Bulgaria
9,Plovdiv,1.27,Bulgaria
10,Primorsko,1.3,Bulgaria
11,Sandanski,1.19,Bulgaria
12,Sofia,1.64,Bulgaria
13,Sozopol,1.27,Bulgaria
14,Sunny Beach,0.82,Bulgaria
15,Tirnovo,1.01,Bulgaria
16,Varna,1.37,Bulgaria
17,Vidin,0.76,Bulgaria
18,Vratsa,0.63,Bulgaria
1,Ouagadougou,0.77,Burkina Faso
1,Bujumbura,0.55,Burundi
1,Minsk,0.91,Byelorussia
1,Krong Preah Sihanouk,1.12,Cambodia
2,Phnom Penh,0.91,Cambodia
3,Siam Reap,1.34,Cambodia
4,Siem Reap,0.61,Cambodia
5,Sihanoukvile,0.75,Cambodia
6,Sihanoukville,1.25,Cambodia
1,Buea,0.89,Cameroon
2,Yaounde,3.61,Cameroon
1,Amherst,3.22,Canada
2,Burlington,4.02,Canada
3,Calgary,6.29,Canada
4,Cavendish,5.63,Canada
5,Charlottetown,6.23,Canada
6,Delta,1.21,Canada
7,Edmonton,5.63,Canada
8,Fernie,4.02,Canada
9,Fort McMurray,5.08,Canada
10,Fort St. John,9.25,Canada
11,Fredricton,3.89,Canada
12,Gatineau,4.66,Canada
13,Granby,5.35,Canada
14,Grande Prairie,3.43,Canada
15,Gravenhurst,4.34,Canada
16,Guelph,4.1,Canada
17,Halifax,5.84,Canada
18,Hamilton,3.22,Canada
19,Kamloops,4.02,Canada
20,Kelowna,3.62,Canada
21,Kingston,1.95,Canada
22,Kitchener,2.85,Canada
23,Lethbridge,3.83,Canada
24,London,4.43,Canada
25,Medicine Hat,4.38,Canada
26,Montreal,7.79,Canada
27,Ottawa,5.23,Canada
28,Pender Island,3.83,Canada
29,Penticton,5.11,Canada
30,Port Hawksbury,3.32,Canada
31,Prince George,4.43,Canada
32,Quebec,5.63,Canada
33,Quenec City,8.76,Canada
34,Regina,4.83,Canada
35,Saskatoon,4.83,Canada
36,St John,3.62,Canada
37,St John's,npriced,Canada
38,St Stephen,4.43,Canada
39,St. John's,npriced,Canada
40,Toronto,5.63,Canada
41,Vancouver,4.75,Canada
42,Victoria,4.53,Canada
43,Walkerton,3.59,Canada
44,Waterloo,4.84,Canada
45,West Kelowna,3.22,Canada
46,Westbank,3.43,Canada
47,Whitby,2.01,Canada
48,Windsor,4.53,Canada
49,Winnipeg,4.43,Canada
50,Yellowknife,9.67,Canada
1,Ponta Do Sol,2.34,Cape Verde
2,Santa Maria,4.89,Cape Verde
1,George Town,3.58,Cayman Islands
2,Grand Cayman,4.62,Cayman Islands
1,N'Djamena,npriced,Chad
1,Calama,0.75,Chile
2,Concepcion,1.49,Chile
3,Las Condes,3.43,Chile
4,Providencia,2.0,Chile
5,PucÃ³n,2.8,Chile
6,Santiago,2.19,Chile
7,Santiago Metropolitan Region,2.98,Chile
8,Valparaiso,1.36,Chile
1,Baishan,0.25,China
2,Beijing,0.72,China
3,Chengdu,2.71,China
4,Chongqing,0.48,China
5,Dalian,4.74,China
6,Dongwan,0.7,China
7,Foshan,0.89,China
8,Fuzhou,2.65,China
9,Guangzhou,3.37,China
10,Hainan,0.43,China
11,Jinan,3.52,China
12,Jincheng,0.27,China
13,Nanning,0.37,China
14,Nanyang,2.59,China
15,Ngari,0.1,China
16,Qingdao,0.91,China
17,Sanya,2.61,China
18,Shanghai,7.45,China
19,Shangluo,2.99,China
20,Shekou,2.98,China
21,Suzhou,3.74,China
22,Tianjin,4.47,China
23,Wuhan,0.67,China
24,Wuhu,0.24,China
25,Xi'an,npriced,China
26,Xiamen,4.47,China
27,Yangzhou,1.58,China
28,Yantai,0.57,China
29,Yichang,1.55,China
1,All Over The Country,1.12,Colombia
2,Barranquilla,0.37,Colombia
3,Bogota,0.82,Colombia
4,Bucaramanga,0.86,Colombia
5,Cali,1.94,Colombia
6,Cartagena,2.06,Colombia
7,Chia,0.15,Colombia
8,Ibague,1.31,Colombia
9,Manizales,0.72,Colombia
10,Medellin,0.92,Colombia
11,Neiva,0.42,Colombia
12,Pereira,0.75,Colombia
13,Santa Marta (Distrito TurÃ­stico Cultural,0.95,Colombia
14,Santiago De Cali,1.42,Colombia
1,Itsandra,3.89,Comoros Islands
1,Brazzaville,4.75,Congo
2,Point-Noire,8.94,Congo
3,Pointe-Noire,1.49,Congo
1,Bukavu,7.27,Congo DR
2,Kinshasa,0.57,Congo DR
1,Alajuela,1.88,Costa Rica
2,Escazu,2.85,Costa Rica
3,Guanacaste,1.04,Costa Rica
4,Heredia,1.06,Costa Rica
5,La Fortuna,1.53,Costa Rica
6,Limon,1.5,Costa Rica
7,Manuel Antonio,2.68,Costa Rica
8,Monteverde,0.58,Costa Rica
9,Puerto Quepos,1.31,Costa Rica
10,SÃ¡mara,1.5,Costa Rica
11,San Jose,2.0,Costa Rica
12,Tamarindo,1.5,Costa Rica
1,Borovo Selo,0.15,Croatia
2,Äakovec,2.01,Croatia
3,City Of Zagreb,1.88,Croatia
4,Cres,3.16,Croatia
5,Djakovo,1.82,Croatia
6,Dubrovnik,4.32,Croatia
7,Gradac,0.86,Croatia
8,Hvar,2.98,Croatia
9,KorÄula,3.41,Croatia
10,Medulin,1.89,Croatia
11,Novalja,3.5,Croatia
12,OrebiÄ,2.46,Croatia
13,Osijek,1.27,Croatia
14,PoreÄ,3.02,Croatia
15,Primorje-Gorski Kotar,1.49,Croatia
16,Pula,2.16,Croatia
17,Rijeka (Fiume),1.3,Croatia
18,Rovinj,3.58,Croatia
19,Slavonski Brod,1.77,Croatia
20,Split,2.38,Croatia
21,Supetar,1.31,Croatia
22,Trogir,2.52,Croatia
23,Varazdin,1.86,Croatia
24,Zadar,2.24,Croatia
25,Zagreb,2.38,Croatia
1,Baracoa,1.27,Cuba
2,Camaguey,1.12,Cuba
3,Havana,1.68,Cuba
4,Holguin,0.86,Cuba
5,Pilon,0.66,Cuba
6,Pinar Del Rio,0.85,Cuba
7,Santiago De Cuba,1.19,Cuba
8,Varadero,1.58,Cuba
1,Agia Napa,3.58,Cyprus
2,Ayia Napa,4.43,Cyprus
3,Famagusta,3.16,Cyprus
4,Karavas,3.16,Cyprus
5,Kyrenia,2.24,Cyprus
6,Larnaca,3.25,Cyprus
7,Limassol,3.73,Cyprus
8,Nicosia,2.03,Cyprus
9,Paphos,2.7,Cyprus
10,Peyia,3.23,Cyprus
11,Pissouri,4.1,Cyprus
1,BenÃ¡tky Nad Jizerou,0.8,Czech Republic
2,Brandys Nad Labem,1.03,Czech Republic
3,Breclav,1.16,Czech Republic
4,Brno,1.04,Czech Republic
5,Broumov,1.15,Czech Republic
6,BruntÃ¡l,1.06,Czech Republic
7,Budweis,1.33,Czech Republic
8,Carlsbad,1.18,Czech Republic
9,Ceska Lipa,0.88,Czech Republic
10,Cesky Krumlov,1.49,Czech Republic
11,ChoceÅ,1.18,Czech Republic
12,ChodovÃ¡ PlanÃ¡,0.7,Czech Republic
13,Chrudim,1.22,Czech Republic
14,Chvaletice,1.3,Czech Republic
15,ChvalÅ¡iny,0.77,Czech Republic
16,Dobruska,1.03,Czech Republic
17,Domazlice,1.3,Czech Republic
18,FrÃ½dek-MÃ­stek,0.94,Czech Republic
19,HavÃ­Åov,0.95,Czech Republic
20,HlaveÄnÃ­k,0.76,Czech Republic
21,HluÄÃ­n,1.12,Czech Republic
22,HodonÃ­n,1.28,Czech Republic
23,Hradec Kralove,1.01,Czech Republic
24,Jablonec Nad Nisou,0.82,Czech Republic
25,JablonnÃ© Nad OrlicÃ­,0.97,Czech Republic
26,JamnÃ© Nad OrlicÃ­,0.75,Czech Republic
27,JarcovÃ¡,0.76,Czech Republic
28,Jihlava,0.82,Czech Republic
29,Jindrichuv Hradec,0.83,Czech Republic
30,KarvinÃ¡,0.67,Czech Republic
31,KobeÅice,1.18,Czech Republic
32,Kromeriz,1.18,Czech Republic
33,KutnÃ¡ Hora,1.34,Czech Republic
34,Lanskroun,0.88,Czech Republic
35,Letohrad,1.18,Czech Republic
36,Liberec,1.04,Czech Republic
37,Litomysl,0.89,Czech Republic
38,MariÃ¡nskÃ© LÃ¡znÄ,1.18,Czech Republic
39,MÄdÄnec,1.18,Czech Republic
40,MiroÅ¡ovice,0.85,Czech Republic
41,Mlada Boleslav,1.18,Czech Republic
42,NÃ¡chod,0.21,Czech Republic
43,NovÃ¡ Role,0.7,Czech Republic
44,Olomouc,0.98,Czech Republic
45,Opava,0.94,Czech Republic
46,OrlovÃ¡,1.04,Czech Republic
47,Ostrava,1.18,Czech Republic
48,Ostrov,1.18,Czech Republic
49,Pacov,0.92,Czech Republic
50,Pardubuce,1.56,Czech Republic
51,Pilsen,1.06,Czech Republic
52,Pisek,0.94,Czech Republic
53,Plzeň,1.55,Czech Republic
54,Plzen,2.09,Czech Republic
55,Pocinovice,0.82,Czech Republic
56,Prague,1.49,Czech Republic
57,ProstÅednÃ­ BeÄva,0.89,Czech Republic
58,Radimovice U Å½elÄe,0.45,Czech Republic
59,Rakovnik,0.88,Czech Republic
60,Rokytnice Nad Jizerou,0.94,Czech Republic
61,Roudnice Nad Labem,0.94,Czech Republic
62,RÃ½maÅov,1.06,Czech Republic
63,StarÃ¡ Ves,0.82,Czech Republic
64,Å tramberk,1.18,Czech Republic
65,Strizkov,1.77,Czech Republic
66,Sumperk,0.82,Czech Republic
67,SuÅ¡ice,1.18,Czech Republic
68,Svijany,0.63,Czech Republic
69,Tabor,0.75,Czech Republic
70,Tanvald,0.3,Czech Republic
71,TÅebÃ­Ä,1.18,Czech Republic
72,TÅeboÅ,1.06,Czech Republic
73,Trinec,1.1,Czech Republic
74,Usti Nad Labem,1.16,Czech Republic
75,Valasske Mezirici,0.88,Czech Republic
76,Vamberk,0.85,Czech Republic
77,VeleÅ¡Ã­n,0.94,Czech Republic
78,VÄÅ¾,0.82,Czech Republic
79,Vimperk,2.38,Czech Republic
80,Vrchotovy Janovice,0.75,Czech Republic
81,VyÅ¡kov,1.18,Czech Republic
82,Zatec,0.7,Czech Republic
83,Å½ÄÃ¡r Nad SÃ¡zavou,0.97,Czech Republic
84,Å½erÄice,1.46,Czech Republic
85,Å½iÅ¾kovo Pole,0.58,Czech Republic
86,ZlÃ­n,1.04,Czech Republic
1,Aalborg,2.34,Denmark
2,Aarhus,5.13,Denmark
3,Billund,7.6,Denmark
4,Capital Region Of Denmark,7.45,Denmark
5,Copenhagen,7.57,Denmark
6,Haslev,5.22,Denmark
7,Kastrup,10.76,Denmark
8,KlitmÃ¸ller,5.27,Denmark
9,Koege,9.07,Denmark
10,NÃ¸rre VorupÃ¸r,5.63,Denmark
11,Odense,2.98,Denmark
12,"Pinden, Aarhus",3.73,Denmark
13,Randers,8.02,Denmark
14,Roskilde,6.3,Denmark
15,SÃ¸nderborg,9.97,Denmark
16,Vejle,5.04,Denmark
17,Viborg,7.49,Denmark
18,Vinding,3.78,Denmark
19,ÃrÃ¸skÃ¸bing,7.0,Denmark
1,Djibouti,8.17,Djibouti
1,Mahaut,2.73,Dominica
2,Portsmouth,1.68,Dominica
3,Roseau,2.73,Dominica
1,Bavaro,1.5,Dominican Republic
2,Cabarete,2.25,Dominican Republic
3,Higuey,1.33,Dominican Republic
4,Puerto Plata,0.61,Dominican Republic
5,Punta Cana,6.0,Dominican Republic
6,Santiago,0.75,Dominican Republic
7,Santo Domingo,1.42,Dominican Republic
8,Sosua,5.16,Dominican Republic
1,BaÃ±os De Agua Santa,1.5,Ecuador
2,Guayaquil,0.45,Ecuador
3,Machala,0.3,Ecuador
4,Quito,1.12,Ecuador
5,Salinas,1.36,Ecuador
6,Santiago De Guayaquil,0.73,Ecuador
1,Cairo,2.46,Egypt
2,Dahab,2.34,Egypt
3,El-Gouna,1.94,Egypt
4,Hurghada,1.19,Egypt
5,Luxor,5.45,Egypt
6,Sharm El Sheikh,4.47,Egypt
7,Sharm El-Sheikh,4.47,Egypt
1,San Salvador,1.22,El Salvador
2,Santa Ana,0.57,El Salvador
1,Malabo,5.96,Equatorial Guinea
1,Asmera,0.69,Eritrea
1,Kuressaare,2.4,Estonia
2,PÃ¤rnu,2.25,Estonia
3,Rakvere,0.58,Estonia
4,Tallinn,2.95,Estonia
5,Tartu,2.09,Estonia
1,Addis Ababa,0.64,Ethiopia
2,Awassa,0.57,Ethiopia
1,Stanley,2.98,Falkland Islands
1,SvÃ­noy,4.47,Faroe Islands
2,TÃ³rshavn,7.45,Faroe Islands
3,TvÃ¸royri,5.56,Faroe Islands
1,Nadi,2.18,Fiji
2,Suva,1.55,Fiji
3,Yasawa Islands,3.52,Fiji
1,Espoo,6.48,Finland
2,Hameenlinna,6.32,Finland
3,Helsinki,7.23,Finland
4,Imatra,5.05,Finland
5,JÃ¤msÃ¤,6.48,Finland
6,Joensuu,7.03,Finland
7,JyvÃ¤skylÃ¤,5.05,Finland
8,Kerava,5.19,Finland
9,Konnevesi,6.32,Finland
10,Kouvola,5.05,Finland
11,Kuopio,4.69,Finland
12,KyyjÃ¤rvi,6.32,Finland
13,Lahti,6.32,Finland
14,Lammi,6.48,Finland
15,Lohja,5.68,Finland
16,Loimaa,5.05,Finland
17,Luvia,3.78,Finland
18,Mikkeli,5.05,Finland
19,Oulu,6.35,Finland
20,Pietarsaari,5.05,Finland
21,Porvoo,5.05,Finland
22,Riihimaki,6.06,Finland
23,Rovaniemi,5.62,Finland
24,SeinÃ¤joki,5.05,Finland
25,Tampere,6.32,Finland
26,Turku,5.05,Finland
27,Urjala,7.12,Finland
28,Vaasa,7.57,Finland
29,Varkaus,1.27,Finland
30,Vuorela,6.32,Finland
1,,5.87,France
2,Ajaccio,10.1,France
3,AmbÃ©rieu-en-Bugey,6.73,France
4,Angers,4.43,France
5,AngoulÃªme,8.94,France
6,Annecy,5.68,France
7,Antibes,7.03,France
8,Antony,12.13,France
9,Ars-sur-Moselle,3.87,France
10,Avignon,7.78,France
11,Barcelona,2.59,France
12,Beaulieu-sur-Mer,8.21,France
13,Beaune,5.05,France
14,BellÃªme,2.52,France
15,BÃ©ziers,6.32,France
16,Biarritz,8.94,France
17,Biot,8.42,France
18,Blagnac,8.48,France
19,Bonifacio,6.32,France
20,Bordeaux,7.72,France
21,Bourg St Maurice,7.12,France
22,Bourg-en-Bresse,6.35,France
23,Brest,5.56,France
24,BrianÃ§on,9.69,France
25,Cahors,4.47,France
26,Calais,6.71,France
27,Cannes,9.15,France
28,Cannis,1.49,France
29,Carcassonne,6.94,France
30,ChambÃ©ry,6.94,France
31,Chamonix,7.03,France
32,Charleville-MÃ©ziÃ¨res,4.17,France
33,Clusaz,8.2,France
34,Croissy-sur-Seine,1.49,France
35,Dijon,7.57,France
36,Garches,3.16,France
37,Grenoble,6.2,France
38,Guingamp,5.05,France
39,Honfleur,10.28,France
40,Ãle-de-France,11.18,France
41,La Rochelle,6.48,France
42,Lacanau,8.42,France
43,Lannion,7.44,France
44,Laval,8.42,France
45,Le Havre,6.18,France
46,Le Mans,6.41,France
47,Les Contamines-Montjoie,6.94,France
48,Lestrem,2.52,France
49,Lille,6.32,France
50,Limoges,4.43,France
51,LodÃ¨ve,3.16,France
52,Lourdes,8.2,France
53,LuÃ§on,5.05,France
54,Lyon,6.32,France
55,MÃ¢con,7.78,France
56,Marseille,8.84,France
57,Megeve,12.96,France
58,Menton,5.87,France
59,Metz,3.37,France
60,MontgenÃ¨vre,8.22,France
61,Montpellier,6.32,France
62,Nantes,4.66,France
63,Narbonne,4.23,France
64,Nice,8.94,France
65,Paris,8.7,France
66,Parisse,1.49,France
67,Perpignan,1.94,France
68,Port-en-Bessin-Huppain,6.82,France
69,Quimper,5.68,France
70,Rambouillet,8.42,France
71,Reims,8.25,France
72,Rennes,6.41,France
73,Rochelle,3.78,France
74,Rouen,6.71,France
75,Saint-Malo,7.57,France
76,Saint-Martin-de-Belleville,8.2,France
77,Saint-Maurice-de-RÃ©mens,5.71,France
78,Saint-Tropez,9.48,France
79,Strasbourg,5.87,France
80,Tignes,10.43,France
81,Toulouse,8.76,France
82,Tours,3.78,France
83,Troyes,8.97,France
84,Vaujany,2.85,France
85,VÃ©zac,6.2,France
1,Cayenne,1.18,French Guiana
1,Huahine,4.89,French Polynesia
2,Papeete,7.45,French Polynesia
3,Windward Islands,4.5,French Polynesia
1,Port-Gentil,0.75,Gabon
2,Red Deer,4.62,Gabon
1,Banjul,1.27,Gambia
2,Farafenni,1.19,Gambia
3,Gambia,2.98,Gambia
4,Serrekunda,1.27,Gambia
1,Akhaltsikhe,1.01,Georgia
2,Batumi,0.8,Georgia
3,Tbilisi,1.53,Georgia
1,Aachen,3.52,Germany
2,Aalen,2.52,Germany
3,Aschaffenburg,2.56,Germany
4,Augsburg,3.53,Germany
5,Bad Ems,2.28,Germany
6,Bamberg,2.59,Germany
7,Bayreuth,1.3,Germany
8,Berlin,3.75,Germany
9,Biberach,7.78,Germany
10,Bitburg,2.52,Germany
11,Bonn,2.15,Germany
12,Braunschweig,3.23,Germany
13,Bremen,3.87,Germany
14,Brunswick,2.59,Germany
15,Cochem,4.47,Germany
16,Cologne,4.62,Germany
17,Constance,5.04,Germany
18,Darmstadt,3.89,Germany
19,Delmenhorst,3.28,Germany
20,Dortmund,3.52,Germany
21,Dresden,3.46,Germany
22,Dusseldorf,3.78,Germany
23,Ellingen,2.34,Germany
24,Eppstein,3.52,Germany
25,Flensburg,3.16,Germany
26,Frankfurt,5.19,Germany
27,Freiberg,2.52,Germany
28,Freiburg,4.02,Germany
29,Friedrichshafen,3.2,Germany
30,Gaienhofen,2.52,Germany
31,Garmisch-Partenkirchen,1.27,Germany
32,Gelsenkirchen,3.89,Germany
33,Greven,4.04,Germany
34,Hamburg,3.78,Germany
35,Hannover,3.89,Germany
36,Hanover,3.37,Germany
37,Heidelberg,2.59,Germany
38,Illingen,2.52,Germany
39,Ingolstadt,3.78,Germany
40,Iserlohn,2.52,Germany
41,Jena,2.65,Germany
42,Karlsruhe,3.89,Germany
43,Kaufbeuren,2.59,Germany
44,Kehl,3.84,Germany
45,Kemnath,1.52,Germany
46,Korntal-MÃ¼nchingen,0.95,Germany
47,Korschenbroich,2.52,Germany
48,Krefeld,2.59,Germany
49,Leipzig,3.89,Germany
50,Lohne,1.8,Germany
51,LÃ¼nne,2.52,Germany
52,Magdeburg,2.52,Germany
53,Mannheim,4.62,Germany
54,Marburg,2.94,Germany
55,Mayence,3.9,Germany
56,Meppen,3.78,Germany
57,Monheim,3.78,Germany
58,Munich,3.78,Germany
59,Muniuch,4.14,Germany
60,Neuzelle,2.59,Germany
61,Nuremberg,2.77,Germany
62,Paderborn,3.78,Germany
63,Pforzheim,2.52,Germany
64,Ratisbon,3.22,Germany
65,Ravensburg,2.89,Germany
66,Regensburg,2.56,Germany
67,Reisbach,2.34,Germany
68,Rostock,3.16,Germany
69,SaarbrÃ¼cken,5.17,Germany
70,Schauenstein,1.18,Germany
71,Selbitz,2.4,Germany
72,Speyer,2.91,Germany
73,Straubing,2.34,Germany
74,Stuttgart,3.89,Germany
75,Thurland,2.52,Germany
76,TÃ¼bingen,3.28,Germany
77,Ulm,3.78,Germany
78,Weissenburg,2.34,Germany
79,Wetzlar,3.78,Germany
80,Xanten,3.52,Germany
1,Accra,2.47,Ghana
2,Cape Coast,2.98,Ghana
3,Kumasi,2.94,Ghana
4,Nkawkaw,0.82,Ghana
5,Takoradi,0.91,Ghana
1,Gibraltar,3.87,Gibraltar
1,Agios Nikolaos,5.05,Greece
2,Alexandropolis,4.43,Greece
3,Ano Symi,7.45,Greece
4,Argostolion,4.32,Greece
5,Athens,6.48,Greece
6,Cephalonia,1.76,Greece
7,Chalandri,6.94,Greece
8,Chania,6.48,Greece
9,Chora,2.98,Greece
10,Corfu,3.62,Greece
11,Crete,3.78,Greece
12,Cyclades,8.94,Greece
13,Dodecanese Islands,7.45,Greece
14,Elio-Proni,1.18,Greece
15,Esperii,1.27,Greece
16,Fira,4.8,Greece
17,Florina,1.27,Greece
18,Heraklion,5.05,Greece
19,Ierapetra,1.4,Greece
20,Iraklion,4.83,Greece
21,Kallithea,3.16,Greece
22,Kalymnos,4.47,Greece
23,Kardamyla,2.52,Greece
24,Karditsa,3.78,Greece
25,Kavos,6.32,Greece
26,Khania,3.47,Greece
27,Kos,3.8,Greece
28,Kos Town,5.19,Greece
29,"Kos. Crete, Kefalonia",7.78,Greece
30,Lindos,4.43,Greece
31,Makedonia Thraki,3.89,Greece
32,Malia,2.43,Greece
33,Methoni,2.52,Greece
34,Myrtos,2.77,Greece
35,Oia,5.87,Greece
36,Parga,5.05,Greece
37,Paros,3.23,Greece
38,Pefcos,4.53,Greece
39,Rethimnon,2.52,Greece
40,Rhodes,3.23,Greece
41,Serrai,3.52,Greece
42,Skiathos,4.47,Greece
43,Skiathos Town,3.23,Greece
44,Taminei,3.78,Greece
45,"Thassos,potos,limenas.",6.32,Greece
46,Thessalonika,5.05,Greece
47,"Tilos, Dodecanese",3.23,Greece
48,Tingaki,3.75,Greece
49,Zakinthos,4.47,Greece
50,Zakynthos,5.22,Greece
1,Ilulissat,7.45,Greenland
2,Nuuk,10.04,Greenland
3,Tasiilaq,11.18,Greenland
1,Gouyave,2.24,Grenada
2,St George Parish,2.24,Grenada
3,St Georges,2.98,Grenada
1,Basse-Terre,8.33,Guadeloupe
2,Capesterre,6.41,Guadeloupe
3,Saint-Claude,6.14,Guadeloupe
1,HagÃ¥tÃ±a,1.49,Guam
2,Tamuning,7.0,Guam
1,Antigua,1.88,Guatemala
2,Guatemala,1.15,Guatemala
1,Conakry,0.6,Guinea
2,Sangaredi,2.25,Guinea
1,Georgetown,1.5,Guyana
1,GwomÃ²n,0.91,Haiti
2,Labadee,1.12,Haiti
1,CopÃ¡n Ruinas,0.79,Honduras
2,Gracias A Dios,0.75,Honduras
3,San Pedro Sula,0.57,Honduras
4,Tegucigalpa,0.79,Honduras
5,Utila,1.12,Honduras
6,West End,0.97,Honduras
1,Central,3.65,Hong Kong
2,Happy Valley,5.86,Hong Kong
3,Hong Kong,5.74,Hong Kong
4,Hong Kong Island,5.17,Hong Kong
5,Kowloon,6.56,Hong Kong
6,Lamma Island,2.91,Hong Kong
7,Lantau Island,4.4,Hong Kong
8,Tsim Sha Tsui,6.53,Hong Kong
9,Tsuen Wan,1.64,Hong Kong
10,Victoria,3.73,Hong Kong
11,Wan Chai,5.13,Hong Kong
12,Wanchai,6.44,Hong Kong
1,Bangaloe,1.09,Hungary
2,Budapest,1.8,Hungary
3,CsemÅ,1.13,Hungary
4,Debrecen,1.22,Hungary
5,Eger,1.27,Hungary
6,Esztergom,1.34,Hungary
7,GÃ¶dÃ¶llÅ,1.49,Hungary
8,HajdÃºbÃ¶szÃ¶rmÃ©ny,1.01,Hungary
9,HÅgyÃ©sz,0.91,Hungary
10,MezÅkÃ¶vesd,1.27,Hungary
11,Siofok,1.89,Hungary
12,Szeged,1.39,Hungary
13,Szihalom,1.49,Hungary
14,Szolnok,1.27,Hungary
15,TamÃ¡si,1.4,Hungary
16,Tarnok,0.91,Hungary
17,Veszprem,1.3,Hungary
1,Myvatn,7.45,Iceland
2,Reyjkvic,8.34,Iceland
3,Reykjavik,5.9,Iceland
4,Seltjarnarnes,3.78,Iceland
1,Bengaluru,1.76,India
2,Bhopal,2.74,India
3,Bikaner,1.12,India
4,Calangute,1.52,India
5,Candolim,1.65,India
6,Chandigarh,0.91,India
7,Chennai,1.27,India
8,Coimbatore,1.09,India
9,Daman,0.45,India
10,Delhi,1.3,India
11,Faridabad,1.49,India
12,Goa,1.01,India
13,Gwalior,1.67,India
14,Haridwar,1.56,India
15,Hyderabad,1.49,India
16,Indore,1.82,India
17,Jabalpur,1.94,India
18,Jaipur,1.48,India
19,Kanpur,1.82,India
20,Katswhiskas,1.34,India
21,Kerala,1.31,India
22,Kochi,1.76,India
23,Kolkata,1.21,India
24,Mangalore,1.37,India
25,Mumbai,1.31,India
26,New Dehli,2.98,India
27,New Delhi,0.91,India
28,Panaji,0.48,India
29,Patna,7.0,India
30,Phagwara,1.49,India
31,Pondicherry,0.91,India
32,Pune,1.5,India
33,Vijayawada,1.12,India
1,Bali,1.16,Indonesia
2,Balikpapan,2.86,Indonesia
3,Bandung,1.58,Indonesia
4,Bukit Lawang,2.59,Indonesia
5,Denpasar,1.86,Indonesia
6,Indonesia,2.25,Indonesia
7,Jakarta Capital Region,3.16,Indonesia
8,Karimun,1.49,Indonesia
9,Kupang,1.83,Indonesia
10,Kuta,1.31,Indonesia
11,Mataram,2.98,Indonesia
12,Medan,2.25,Indonesia
13,Moluccas,2.18,Indonesia
14,Surabaya,1.49,Indonesia
15,Surakarta,1.27,Indonesia
16,Ubud,1.3,Indonesia
17,West Nusa Tenggara,2.98,Indonesia
1,Dayyer,2.73,Iran
2,GarmsÄr,7.49,Iran
3,Karaj,2.98,Iran
4,Mashhad,9.54,Iran
5,Shiraz,6.36,Iran
6,Tehran,8.0,Iran
1,Arbil,1.5,Iraq
2,Baghdad,1.13,Iraq
3,Basra,3.73,Iraq
1,Fitzsimons,7.64,Ireland
2,Adare,4.92,Ireland
3,Armagh,4.77,Ireland
4,Athlone,4.95,Ireland
5,Bagenalstown,4.46,Ireland
6,Ballina,3.87,Ireland
7,Ballinaspig,4.23,Ireland
8,Ballinrobe,4.86,Ireland
9,Bandon,4.92,Ireland
10,Belfast,5.29,Ireland
11,"Blackrock, Co.Dublin",6.48,Ireland
12,Buncrana,5.19,Ireland
13,Bundoran,5.71,Ireland
14,Carrick-on-Shannon,5.05,Ireland
15,Carrick-on-Suir,5.83,Ireland
16,Castlebar,4.17,Ireland
17,Castlegregory,5.44,Ireland
18,Claremorris,5.05,Ireland
19,Clonakilty,4.86,Ireland
20,Clones,3.73,Ireland
21,Clonmel,5.51,Ireland
22,Connaught,4.68,Ireland
23,Cootehill,3.78,Ireland
24,Cork,5.3,Ireland
25,County Kilkenny,4.8,Ireland
26,Derry,4.99,Ireland
27,Donegal,5.05,Ireland
28,Drogheda,5.38,Ireland
29,Dublin,6.57,Ireland
30,Dun Laoghaire,4.11,Ireland
31,Dunboyne,6.21,Ireland
32,Dundalk,3.16,Ireland
33,Galway,5.05,Ireland
34,Howth,3.9,Ireland
35,Innishannon,6.21,Ireland
36,Kenmare,4.8,Ireland
37,Kildare,7.3,Ireland
38,Kilkenny,5.05,Ireland
39,Killarney,5.71,Ireland
40,Kinnegad,5.36,Ireland
41,Letterfrack,5.05,Ireland
42,Letterkenny,5.44,Ireland
43,Limerick,5.36,Ireland
44,Listowel,5.05,Ireland
45,Longford,5.83,Ireland
46,Lucan,5.57,Ireland
47,Macroom,5.05,Ireland
48,Manorhamilton,3.78,Ireland
49,Mullingar Co Westmeath,6.48,Ireland
50,Munster,3.87,Ireland
51,Naas,5.3,Ireland
52,Navan,5.36,Ireland
53,Newry,4.54,Ireland
54,Oughterard,3.78,Ireland
55,Portlaoise,6.65,Ireland
56,Roscommon,5.19,Ireland
57,Sligo,4.93,Ireland
58,Stillorgan,6.38,Ireland
59,Swords,6.08,Ireland
60,Tallaght,5.83,Ireland
61,Temple Bar,7.78,Ireland
62,Tralee,6.35,Ireland
63,Trim,5.3,Ireland
64,Virginia,5.96,Ireland
65,Waterfford,5.44,Ireland
66,Waterford,5.68,Ireland
67,Westport,5.05,Ireland
68,Wexford,5.07,Ireland
69,Wicklow,5.69,Ireland
1,Ashdod,7.78,Israel
2,Bat Yam,6.94,Israel
3,Beersheba,7.05,Israel
4,Haifa,6.54,Israel
5,Herzliyya,10.21,Israel
6,Jerusalem,7.45,Israel
7,Karmiel,6.75,Israel
8,Kefar Sava,8.94,Israel
9,Kiryat Shmona,3.47,Israel
10,Netanya,6.06,Israel
11,Qiryat Shemona,9.46,Israel
12,Ra'anana,npriced,Israel
13,Rehovot,9.54,Israel
14,Rishon LeZion,9.54,Israel
15,T-A,9.98,Israel
16,Tel Aviv,9.39,Israel
17,Tel-aviv,8,Israel
1,Alessandria,5.27,Italy
2,Alghero,4.11,Italy
3,Amalfi,5.22,Italy
4,Arzachena,5.87,Italy
5,Avellino,6.48,Italy
6,Bari,2.86,Italy
7,Bellagio,5.05,Italy
8,Bologna,6.15,Italy
9,Brescia,5.05,Italy
10,Brindisi,2.52,Italy
11,Catania,7.57,Italy
12,Como,4.53,Italy
13,Conversano,5.05,Italy
14,FiÃ© Allo Sciliar,5.19,Italy
15,Firenze,6.48,Italy
16,Florence,5.36,Italy
17,Garda,6.71,Italy
18,Gorizia,2.91,Italy
19,La Thuile,7.45,Italy
20,Lodi,5.05,Italy
21,Maniago,5.19,Italy
22,Martina Franca,2.22,Italy
23,Milan,6.41,Italy
24,Milano,3.89,Italy
25,Naples,2.52,Italy
26,Napoli,1.49,Italy
27,Novara,5.19,Italy
28,Padua,6.48,Italy
29,Palestrina,6.48,Italy
30,Parma,5.05,Italy
31,Pavia,6.32,Italy
32,Pinzolo,7.45,Italy
33,Pisa,6.41,Italy
34,Positano,6.48,Italy
35,Prato,6.32,Italy
36,Ravenna,6.32,Italy
37,Reggio Emilia,5.05,Italy
38,Rome,6.41,Italy
39,San Michele Al Tagliamento,3.78,Italy
40,San Salvo,4.47,Italy
41,Sassari,5.68,Italy
42,Sestriere,5.87,Italy
43,Sienna,6.32,Italy
44,Sorrento,7.0,Italy
45,Syracuse,6.41,Italy
46,Taormina,9.69,Italy
47,Torino,6.32,Italy
48,Trento,5.19,Italy
49,Trieste,3.52,Italy
50,Turin,6.48,Italy
51,Udine,6.48,Italy
52,Venice,7.78,Italy
53,Verona,5.9,Italy
1,Abidjan,3.01,Ivory Coast
1,Kingston,2.99,Jamaica
2,Montego Bay,2.25,Jamaica
1,Chiba,7.75,Japan
2,Fukuoka,6.79,Japan
3,Iwakuni,3.74,Japan
4,Kobe,4.68,Japan
5,Kumamoto,5.22,Japan
6,Kyoto,7.81,Japan
7,Matsuyama,4.4,Japan
8,Misawa,8.17,Japan
9,Miyazaki,4.5,Japan
10,Nagano,5.05,Japan
11,Nagoya,6.87,Japan
12,Narita,9.69,Japan
13,Niigata,3.52,Japan
14,Okinawa Prefecture,4.53,Japan
15,Osaka,4.41,Japan
16,Sapporo,3.74,Japan
17,Sendai,2.52,Japan
18,Takamatsu,5.01,Japan
19,Tokyo,6.32,Japan
20,Wakayama,3.37,Japan
21,Wakkanai,4.47,Japan
22,Yokohama,5.83,Japan
23,Yokosuka,4.01,Japan
1,Amman,5.24,Jordan
2,Aqaba,6.08,Jordan
1,Almaty,0.8,Kazakhstan
2,Astana,0.72,Kazakhstan
3,Atyrau,2.56,Kazakhstan
4,Karaganda,0.89,Kazakhstan
5,Rudnyy,0.55,Kazakhstan
1,Eldoret,1.28,Kenya
2,Kilifi,1.65,Kenya
3,Machakos,1.4,Kenya
4,Malava,0.91,Kenya
5,Mombasa,1.49,Kenya
6,Nairobi,1.39,Kenya
7,Ruiru,0.94,Kenya
1,Kiribati,2.62,Kiribati
1,Pyongyang,0.57,Korea N
1,Busan,2.98,Korea S
2,Daegu,2.37,Korea S
3,Mokpo-si,3.73,Korea S
4,Seoul,1.86,Korea S
5,Uijeongbu-si,4.22,Korea S
6,Ulsan,2.94,Korea S
1,Gjakova,1.3,Kosovo
2,Prishtina,1.76,Kosovo
3,Pristina,1.64,Kosovo
1,Al Asimah,7.45,Kuwait
2,Kuwait City,2.99,Kuwait
1,Bishkek,1.5,Kyrgyzstan
2,Tokmok,1.49,Kyrgyzstan
1,Champassack,1.27,Laos
2,Luang Prabang,1.43,Laos
3,Vang Vieng,1.73,Laos
4,Vientiane,0.91,Laos
1,Liepaja,1.76,Latvia
2,Riga,3.31,Latvia
3,Saulkrasti,1.49,Latvia
4,Ventspils,2.24,Latvia
1,Alay,1.5,Lebanon
2,Beirut,1.5,Lebanon
1,Maseru,1.07,Lesotho
1,Monrovia,1.12,Liberia
1,Sabratah,5.87,Libya
2,Tripoli,4.05,Libya
1,Mauren,2.34,Liechtenstein
2,Triesenberg,3.52,Liechtenstein
3,Vaduz,4.71,Liechtenstein
1,Druskininkai,1.7,Lithuania
2,Kaunas,1.89,Lithuania
3,Klaipeda,1.7,Lithuania
4,Trakai Island Castle,2.59,Lithuania
5,Vilnius,2.01,Lithuania
6,Vilnius (Lithuania),3.23,Lithuania
1,Diekirch,4.11,Luxembourg
2,Dudelange,2.52,Luxembourg
3,Larochette,4.17,Luxembourg
4,Luxembourg,4.02,Luxembourg
5,Luxembourg Main Square (pizza Hut),3.4,Luxembourg
6,Luxemburg City,7.12,Luxembourg
7,Remich,2.12,Luxembourg
8,Vianden,4.1,Luxembourg
1,Macau,1.73,Macau
2,Taipa,5.96,Macau
1,Berovo,1.18,Macedonia
2,Bitola,1.52,Macedonia
3,Debar,0.94,Macedonia
4,Delcevo,1.19,Macedonia
5,Gevgelija,1.18,Macedonia
6,Gostivar,1.18,Macedonia
7,Kavadarci,0.82,Macedonia
8,Kocani,1.18,Macedonia
9,Kumanovo,1.18,Macedonia
10,Negotino,0.82,Macedonia
11,Ohrid,1.52,Macedonia
12,Prilep,1.18,Macedonia
13,ProbiÅ¡tip,0.94,Macedonia
14,Skopje,1.7,Macedonia
15,"Skopje, R.Macedonia",1.68,Macedonia
16,Stip,0.94,Macedonia
17,Strumica,1.18,Macedonia
1,Antananarivo,0.57,Madagascar
1,Funchal,4.02,Madeira
2,Madeira,1.18,Madeira
3,Santa Cruz,1.12,Madeira
1,Blantyre,1.31,Malawi
2,Lake Malawi,1.5,Malawi
3,Lilongwe,1.79,Malawi
4,Southern Region,1.27,Malawi
1,Georgetown,6.17,Malaysia
2,Johor,6.09,Malaysia
3,Johor Bahru,3.04,Malaysia
4,Kajang,4.6,Malaysia
5,Kota Kinabalu,5.96,Malaysia
6,Kuala Lumpir,9.69,Malaysia
7,Kuala Lumpur,5.19,Malaysia
8,Kuantan,3.61,Malaysia
9,Kuching,3.84,Malaysia
10,Labuan,1.5,Malaysia
11,Langkawi,2.49,Malaysia
12,Lumut,3.02,Malaysia
13,Melaka,3.16,Malaysia
14,Penang,6.44,Malaysia
15,Perhentian Besar,3.13,Malaysia
16,Petaling Jaya,5.97,Malaysia
17,Pulau Pinang,2.88,Malaysia
1,Fihaalhohi,2.73,Maldives
2,Hulumale,11.5,Maldives
3,MalÃ©,6.36,Maldives
1,Bamako,1.12,Mali
1,BuÄ¡ibba,1.89,Malta
2,Marsaskala,4.69,Malta
3,Mellieha,2.59,Malta
4,Mosta,3.73,Malta
5,Msida,2.94,Malta
6,Pembroke,1.76,Malta
7,Qawra,3.89,Malta
8,Saint Lawrence,3.53,Malta
9,Sliema,2.77,Malta
10,St Julian's,npriced,Malta
11,St Julians,2.24,Malta
12,Valletta,2.34,Malta
13,Victoria,3.53,Malta
1,Fort-de-France,5.87,Martinique
1,Grand Baie,2.44,Mauritius
2,Trou Aux Biches,1.27,Mauritius
1,Acapulco,0.69,Mexico
2,Cabo San Lucas,1.64,Mexico
3,Cancun,3.49,Mexico
4,Chihuahua,1.5,Mexico
5,Colima,1.52,Mexico
6,Cozumel,1.82,Mexico
7,Cuernavaca,1.27,Mexico
8,Culiacan,1.27,Mexico
9,DF,0.98,Mexico
10,Ensenada,3.64,Mexico
11,Hermosillo,1.82,Mexico
12,Huatulco,1.45,Mexico
13,Iguala De La Independencia,0.54,Mexico
14,Ixtapa,1.4,Mexico
15,La Paz,1.82,Mexico
16,"Leon, GT (MX)",2.99,Mexico
17,Mazatlan,1.36,Mexico
18,Mexico,2.24,Mexico
19,Mexico City,1.91,Mexico
20,Monterrey,0.73,Mexico
21,Oaxaca,1.82,Mexico
22,Piedras Negras,1.82,Mexico
23,Playa Del Carmen,1.73,Mexico
24,Puebla,0.91,Mexico
25,Puerto Escondid,1.36,Mexico
26,Puerto Vallarta,1.22,Mexico
27,Queretaro,1.25,Mexico
28,Saltillo,1.36,Mexico
29,Taxco,1.49,Mexico
30,Tijuana,0.82,Mexico
31,Toluca,1.0,Mexico
32,Toluca De Lerdo,1.04,Mexico
1,Colonia,3.99,Micronesia
2,Koror,2.62,Micronesia
1,Chisinau,0.86,Moldova
2,Tiraspol,1.49,Moldova
3,VulcÄnesti,0.7,Moldova
1,Monaco,2.24,Monaco
2,Pisteoff,6.71,Monaco
1,Ulaanbaatar,1.37,Mongolia
1,Bar,1.94,Montenegro
2,Budva,3.23,Montenegro
3,Herceg Novi,2.26,Montenegro
4,Kotor,1.79,Montenegro
5,Petrovac,2.4,Montenegro
6,Podgorica,1.7,Montenegro
7,Prcanj,2.38,Montenegro
8,Tivat,1.94,Montenegro
1,Agadir,4.47,Morocco
2,Casablanca,1.46,Morocco
3,El Jadida,1.76,Morocco
4,Essaouira,4.69,Morocco
5,Fez,4.2,Morocco
6,Marrakesh,5.38,Morocco
7,Medina,5.96,Morocco
1,Beira,0.82,Mozambique
2,Maputo,1.19,Mozambique
3,Vilankulos,0.89,Mozambique
1,Mandalay,0.46,Myanmar
2,Yangon,1.19,Myanmar
1,Swakopmund,1.46,Namibia
2,Windhoek,1.19,Namibia
1,Kathmandu,2.26,Nepal
2,Patan,2.52,Nepal
3,Pokhara,3.73,Nepal
1,'S Hertogenbosch,npriced,Netherlands
2,'s-Heerenberg,npriced,Netherlands
3,'s-Hertochenbosch,npriced,Netherlands
4,'s-Hertogenbosch,npriced,Netherlands
5,A Gen Baan,2.03,Netherlands
6,Aalten,2.15,Netherlands
7,Abcoude,2.52,Netherlands
8,Alkmaar,4.98,Netherlands
9,Almelo,4.5,Netherlands
10,Almere,2.59,Netherlands
11,Alphen,2.03,Netherlands
12,Alphen Aan Den Rijn,2.64,Netherlands
13,Amersfoort,2.53,Netherlands
14,Amstelveen,3.16,Netherlands
15,Amsterdam,5.78,Netherlands
16,Apeldoorn,2.59,Netherlands
17,Arnhem,2.52,Netherlands
18,Assen,2.77,Netherlands
19,Baarn,3.16,Netherlands
20,Bergen Op Zoom,2.52,Netherlands
21,Berkel En Rodenrijs,2.52,Netherlands
22,Best,2.15,Netherlands
23,Bilthoven,0.63,Netherlands
24,Bornerbroek,1.27,Netherlands
25,Bovenkerk,2.85,Netherlands
26,Boxtel,3.11,Netherlands
27,Breda,2.28,Netherlands
28,Bruinisse,2.65,Netherlands
29,Brummen,0.15,Netherlands
30,Budel,2.12,Netherlands
31,Burgh-Haamstede,2.46,Netherlands
32,Cuijk,6.63,Netherlands
33,Dalen,2.34,Netherlands
34,Dedemsvaart,1.27,Netherlands
35,Delft,2.52,Netherlands
36,Delfzijl,3.78,Netherlands
37,Den Dolder,1.28,Netherlands
38,Den Haag,5.87,Netherlands
39,Deurne,2.15,Netherlands
40,Deventer,2.59,Netherlands
41,Dieren,1.27,Netherlands
42,Dimaheefteenkleinelul,12.93,Netherlands
43,Ditbestaatniet,2.98,Netherlands
44,Dordrecht,2.56,Netherlands
45,Drachten,1.18,Netherlands
46,Drunen,3.16,Netherlands
47,Ede,2.52,Netherlands
48,Eijsden,2.03,Netherlands
49,Eindhoven,2.52,Netherlands
50,Enschede,2.52,Netherlands
51,Gennep,1.27,Netherlands
52,Giessen-Oudekerk,1.89,Netherlands
53,Gorinchem,2.53,Netherlands
54,Gouda,2.52,Netherlands
55,Groningen,2.65,Netherlands
56,Haarlem,2.77,Netherlands
57,Halsteren,2.85,Netherlands
58,Haps,2.28,Netherlands
59,Harderwijk,2.52,Netherlands
60,Harlingen,2.59,Netherlands
61,Heiloo,2.52,Netherlands
62,Helmond,2.21,Netherlands
63,Hengelo,2.28,Netherlands
64,Hilversum,3.67,Netherlands
65,Hoorn,2.65,Netherlands
66,Horst,2.4,Netherlands
67,Kerkrade,2.03,Netherlands
68,Klarendal,2.28,Netherlands
69,Krispijn,2.4,Netherlands
70,Leeuwarden,2.03,Netherlands
71,Leiden,3.23,Netherlands
72,Leimuiden,2.4,Netherlands
73,Lemelerveld,1.27,Netherlands
74,Lepelstraat,2.21,Netherlands
75,Lichtenvoorde,2.52,Netherlands
76,Lonneker,4.17,Netherlands
77,Maastricht,2.59,Netherlands
78,Made,2.28,Netherlands
79,Meerlo,2.21,Netherlands
80,Middelharnis,2.34,Netherlands
81,Mierlo,2.52,Netherlands
82,Mijdrecht,3.16,Netherlands
83,Mill,2.46,Netherlands
84,Monnickendam,2.77,Netherlands
85,Monster,1.27,Netherlands
86,Nijmegen,2.59,Netherlands
87,Noordwijkerhout,2.52,Netherlands
88,Oldenzaal,2.07,Netherlands
89,Ommen,2.52,Netherlands
90,Oosterend,4.54,Netherlands
91,Ootmarsum,2.98,Netherlands
92,Ossendrecht,2.59,Netherlands
93,Oud-Leusden,11.71,Netherlands
94,Papendrecht,3.16,Netherlands
95,Parken,3.23,Netherlands
96,Raamsdonksveer,2.52,Netherlands
97,Rijssen,5.56,Netherlands
98,Roden,1.27,Netherlands
99,Roermond,2.49,Netherlands
100,Roosendaal,2.65,Netherlands
101,Rosmalen,1.27,Netherlands
102,Rotterdam,2.77,Netherlands
103,S'Hertogenbosch,npriced,Netherlands
104,S-hertogenbosch,2.98,Netherlands
105,Schagen,2.52,Netherlands
106,Schelle,2.65,Netherlands
107,Schiphol,7.78,Netherlands
108,Schoonebeek,1.27,Netherlands
109,Sneek,2.52,Netherlands
110,Soest,2.52,Netherlands
111,Soesterberg,1.3,Netherlands
112,Spijkenisse,4.04,Netherlands
113,Terneuzen,1.27,Netherlands
114,The Hague,2.52,Netherlands
115,Tilburg,2.52,Netherlands
116,Uithoorn,6.47,Netherlands
117,Utrecht,4.04,Netherlands
118,Valkenswaard,1.27,Netherlands
119,Venlo,2.34,Netherlands
120,Venray,2.28,Netherlands
121,Vierlingsbeek,1.45,Netherlands
122,Vlaardingen,2.59,Netherlands
123,Vleuten,2.52,Netherlands
124,Volendam,2.52,Netherlands
125,Voorschoten,2.52,Netherlands
126,Waalwijk,2.77,Netherlands
127,Wageningen,2.03,Netherlands
128,Weert,1.3,Netherlands
129,Wijhe,2.21,Netherlands
130,Wijlre,2.59,Netherlands
131,Winterswijk,2.28,Netherlands
132,Woerden,2.77,Netherlands
133,Zaandam,3.49,Netherlands
134,Zandvoort,2.28,Netherlands
135,Zoetermeer,2.52,Netherlands
136,Zutphen,2.73,Netherlands
137,Zwaffeloo,8.21,Netherlands
138,Zwartebroek,0.88,Netherlands
139,Zwolle,2.52,Netherlands
1,CuraÃ§ao,0.94,Netherlands Antilles
2,Kralendijk,6.94,Netherlands Antilles
3,St Maarten,1.88,Netherlands Antilles
4,Willemstad,4.69,Netherlands Antilles
1,Noumea,6.75,New Caledonia
1,Auckland,5.74,New Zealand
2,Auckland (Viaduct Harbour,8.73,New Zealand
3,Auckland Airport,6.85,New Zealand
4,Blenheim,4.84,New Zealand
5,Cambridge,6.41,New Zealand
6,Christchurch,5.96,New Zealand
7,Dunedin,6.71,New Zealand
8,Geraldine,2.98,New Zealand
9,Gisborne,2.98,New Zealand
10,Hamilton,5.66,New Zealand
11,Hastings,7.45,New Zealand
12,Kingston,2.98,New Zealand
13,Napier,4.1,New Zealand
14,Nelson,4.01,New Zealand
15,Palmerston North,6.26,New Zealand
16,Papakura,2.18,New Zealand
17,Paraparaumu,1.18,New Zealand
18,Queenstown,4.6,New Zealand
19,Ranfurly,4.26,New Zealand
20,Rotorua,6.71,New Zealand
21,Tauranga,4.65,New Zealand
22,Waiuku,2.22,New Zealand
23,Wellington,3.71,New Zealand
1,Granada,1.12,Nicaragua
2,Jinotega,0.6,Nicaragua
3,Leon,0.67,Nicaragua
4,San Juan Del Sur,0.91,Nicaragua
1,Niamey,1.12,Niger
1,Abuja,2.28,Nigeria
2,Bonny,1.4,Nigeria
3,Delta,1.28,Nigeria
4,Lagos,1.49,Nigeria
5,Onitsha,11.23,Nigeria
6,Onne,1.3,Nigeria
1,Aalesund,12.98,Norway
2,Akershus,11.92,Norway
3,Ãlesund,10.43,Norway
4,Alta,12.62,Norway
5,Andselv,11.92,Norway
6,Aremark,8.34,Norway
7,Asker,8.94,Norway
8,Aust-Agder,10.0,Norway
9,Bergen,10.43,Norway
10,Bodo,11.92,Norway
11,BodÃ¸,10.12,Norway
12,Bryne,11.65,Norway
13,Drammen,8.87,Norway
14,Egersund,10.1,Norway
15,Elverum,10.43,Norway
16,Finnmark,10.1,Norway
17,FosnavÃ¥g,10.43,Norway
18,Fredrikstad,11.92,Norway
19,GjÃ¸vik,11.92,Norway
20,Halden,10.43,Norway
21,Hamar,9.39,Norway
22,Hammerfest,10.91,Norway
23,Harstad,11.65,Norway
24,Haugesund,10.88,Norway
25,HavÃ¸ysund,11.37,Norway
26,Hedmark,11.92,Norway
27,HonningsvÃ¥g,7.45,Norway
28,Hordaland,10.43,Norway
29,Horten,10.43,Norway
30,HÃ¸nefoss,5.3,Norway
31,Knarvik,11.96,Norway
32,Korshamn,8.84,Norway
33,Kristiansand,8.94,Norway
34,Kristiansund,11.18,Norway
35,Levanger,11.01,Norway
36,Lillehammer,10.43,Norway
37,LillestrÃ¸m,8.94,Norway
38,Longyearbyen,5.44,Norway
39,Molde,10.76,Norway
40,Moss,11.01,Norway
41,Narvik,11.03,Norway
42,Olo,11.92,Norway
43,Oppland,9.69,Norway
44,Oslo,8.94,Norway
45,Ostfold,7.45,Norway
46,Otta,10.43,Norway
47,Ottestad,9.69,Norway
48,Porsgrunn,8.94,Norway
49,Ramberg,9.0,Norway
50,Rena,11.92,Norway
51,Sandefjord,9.15,Norway
52,Sandnes,11.92,Norway
53,Sarpsborg,8.25,Norway
54,Setermoen,8.76,Norway
55,Ski,11.18,Norway
56,Skien,5.84,Norway
57,Stabekk,11.58,Norway
58,Stavanger,10.43,Norway
59,Steinkjer,7.57,Norway
60,SvolvÃ¦r,8.94,Norway
61,Tonsberg,11.03,Norway
62,Tromso,11.37,Norway
63,TromsÃ¸,8.88,Norway
64,Trondheim,10.43,Norway
65,TÃ¸nsberg,11.18,Norway
66,Ulsteinvik,8.94,Norway
67,VadsÃ¸,8.05,Norway
68,Verdal,10.73,Norway
69,Vest-Agder,10.43,Norway
70,Vestby,8.94,Norway
71,Voss,7.45,Norway
72,Ãverbygd,12.67,Norway
1,Masqat,5.14,Oman
2,Muscat,6.33,Oman
3,Sohar,9.0,Oman
1,Islamabad,6.0,Pakistan
2,Karachi,2.15,Pakistan
3,Lahore,3.31,Pakistan
4,Quetta,2.24,Pakistan
1,Bocas Del Toro,1.5,Panama
2,David,0.31,Panama
3,Habanos,4.54,Panama
4,La Chorrera,0.31,Panama
5,Panama,0.45,Panama
6,Panama City,1.4,Panama
7,PedasÃ­ District,0.91,Panama
8,Penonome,0.49,Panama
9,Tocumen,4.08,Panama
1,Goroka,0.82,Papua New Guinea
2,Panama,0.4,Papua New Guinea
3,Port Moresby,1.68,Papua New Guinea
1,Asuncion,0.92,Paraguay
2,Ciudad Del Este,0.85,Paraguay
1,Chiclayo,1.36,Peru
2,Cusco,2.06,Peru
3,Lima,1.49,Peru
4,MÃ¡ncora,1.18,Peru
5,Ollantaytambo,1.31,Peru
6,Puerto Maldonado,2.4,Peru
7,Trujillo,0.67,Peru
8,Yurimaguas,0.73,Peru
1,Angeles City,0.89,Philippines
2,Baguio City,0.57,Philippines
3,Cebu,1.31,Philippines
4,Cebu City,0.89,Philippines
5,Daet,0.52,Philippines
6,Davao,1.22,Philippines
7,Davao City,0.6,Philippines
8,Dumaguete City,0.39,Philippines
9,Iloilo,0.45,Philippines
10,Makati City,1.61,Philippines
11,Malay,1.22,Philippines
12,Mambajao,0.36,Philippines
13,Manila,0.57,Philippines
14,Puerto Galera,0.82,Philippines
15,Puerto Princesa,0.79,Philippines
16,Tagbilaran City,0.7,Philippines
1,Bielsko-Biala,1.64,Poland
2,Bydgoszcz,1.27,Poland
3,Debki,1.3,Poland
4,Elblag,1.27,Poland
5,Gdansk,2.29,Poland
6,Gdynia,2.32,Poland
7,Gliwice,2.06,Poland
8,Gmina Zawadzkie,1.27,Poland
9,Jakuszyce,0.83,Poland
10,Katowice,1.8,Poland
11,Kolonowskie,1.12,Poland
12,Krakow,2.24,Poland
13,Kwidzyn,1.64,Poland
14,LeÅ¼ajsk,2.68,Poland
15,Lubin,1.79,Poland
16,Lublin,1.43,Poland
17,Mragowo,1.27,Poland
18,Oborniki,1.27,Poland
19,Olsztyn,1.13,Poland
20,Ostrowiec,1.27,Poland
21,PiotrkÃ³w Trybunalski,1.27,Poland
22,Plock,1.27,Poland
23,Pobierowo,1.58,Poland
24,Poznan,2.12,Poland
25,Przemysl,1.27,Poland
26,Pszczyna,1.49,Poland
27,Puck,1.49,Poland
28,Rzeszow,2.16,Poland
29,Sandomierz,1.49,Poland
30,Sanok,1.49,Poland
31,Sopot,2.53,Poland
32,Sosnowiec,0.89,Poland
33,Szczecin,1.79,Poland
34,Torun,2.01,Poland
35,Warsaw,2.52,Poland
36,Warszawa,3.75,Poland
37,Wieliczka,1.79,Poland
38,Wroclaw,1.49,Poland
39,Zabrze,2.52,Poland
40,Zlocieniec,1.27,Poland
1,Albufeira,3.19,Portugal
2,Alvor,1.3,Portugal
3,Armona,1.3,Portugal
4,Aveiro,4.53,Portugal
5,Azores,1.18,Portugal
6,Cartaxo Municipality,1.49,Portugal
7,Cascais,1.3,Portugal
8,Castelo Branco,1.04,Portugal
9,Coimbra,1.28,Portugal
10,Estoril,2.59,Portugal
11,Faro,3.99,Portugal
12,Figueira Da Foz,1.3,Portugal
13,Guimaraes,1.76,Portugal
14,Lagos,2.52,Portugal
15,Leiria,0.97,Portugal
16,Lisbon,2.24,Portugal
17,Moncarapacho,2.59,Portugal
18,Ovar,3.78,Portugal
19,PortimÃ£o,2.79,Portugal
20,Porto,1.53,Portugal
21,Seia,1.3,Portugal
22,Setubal,1.01,Portugal
23,Silves Municipality,2.52,Portugal
24,Tavira,4.2,Portugal
25,Tondela,1.18,Portugal
26,Viana Do Castelo Municipality,1.01,Portugal
27,Vila Real,1.52,Portugal
28,Vila Real De Santo AntÃ³nio,3.11,Portugal
1,Caguas,1.0,Puerto Rico
2,Humacao,1.0,Puerto Rico
3,MayagÃ¼ez,1.88,Puerto Rico
4,Ponce,1.12,Puerto Rico
5,San Juan,3.9,Puerto Rico
6,Vieques,1.61,Puerto Rico
1,Doha,9.52,Qatar
1,'DROP Table,npriced,Romania
2,Braov,1.27,Romania
3,Brasov,1.42,Romania
4,Bucharest,1.79,Romania
5,Bucharesy,2.24,Romania
6,Bucuresti,1.64,Romania
7,Cluj-Napoca,1.52,Romania
8,Constanța,1.68,Romania
9,Craiova,1.27,Romania
10,Curtea De Arges,0.67,Romania
11,FÄgÄraÅ,12.62,Romania
12,Galati,0.37,Romania
13,Piatra-NeamÈ,0.79,Romania
14,Pitesti,1.3,Romania
15,Poiana BraÈov,2.07,Romania
16,Sibiu,1.27,Romania
17,Suceava,1.12,Romania
18,Targu Mures,1.27,Romania
19,Zimnicea,1.15,Romania
1,Autonomous District Of Chukotka,0.7,Russian Federation
2,Barnaul,2.62,Russian Federation
3,Belgorod,9.13,Russian Federation
4,Chabarovsk,3.31,Russian Federation
5,Cherepovets,2.46,Russian Federation
6,Dolgoprudny,1.49,Russian Federation
7,Dubna,1.58,Russian Federation
8,Izhevsk,2.59,Russian Federation
9,Kaliningrad,0.46,Russian Federation
10,Kazan,1.88,Russian Federation
11,Kirov,0.94,Russian Federation
12,Kostomuksha,1.18,Russian Federation
13,Krasnoyarsk,2.06,Russian Federation
14,Kursk,0.91,Russian Federation
15,Lybertsi,1.64,Russian Federation
16,Moscow,2.98,Russian Federation
17,Nizhniy Novgorod,0.75,Russian Federation
18,Novokuzneck,0.37,Russian Federation
19,Novosibirsk,3.23,Russian Federation
20,Rostov-on-Don,1.4,Russian Federation
21,Sochi,1.88,Russian Federation
22,St Petersburg,2.24,Russian Federation
23,Staraya Kupavna,2.25,Russian Federation
24,Taganrog,1.5,Russian Federation
25,Tula,0.75,Russian Federation
26,Ufa,1.07,Russian Federation
27,Vladivostok,0.95,Russian Federation
28,Vyborg,1.18,Russian Federation
29,Yaroslavl,1.49,Russian Federation
30,Yekaterinburg,2.35,Russian Federation
1,Butare,0.64,Rwanda
2,Gysenyi,0.55,Rwanda
3,Kigali,0.58,Rwanda
1,Jamestown,2.98,Saint Helena
1,Basseterre,1.5,Saint Kitts and Nevis
1,Castries,2.25,Saint Lucia
1,Apia,1.67,Samoa
1,Bombom - Principe,5.19,Sao Tome et Principe
2,Sao Tome,1.59,Sao Tome et Principe
1,Khamis Mushait,1.49,Saudi Arabia
2,Khobar,1.13,Saudi Arabia
3,Riyadh,7.45,Saudi Arabia
4,Tabuk,1.79,Saudi Arabia
1,Dakar,2.09,Senegal
2,Kaolack,0.94,Senegal
3,Kedougou,1.3,Senegal
4,Satioum,1.42,Senegal
1,Belgrade,1.49,Serbia
2,Kikinda,1.16,Serbia
3,Kolut,0.94,Serbia
4,Kragujevac,0.97,Serbia
5,Lebane,0.36,Serbia
6,Leskovac,1.27,Serbia
7,Nis,1.3,Serbia
8,Novi Sad,1.42,Serbia
9,Pancevo,1.18,Serbia
10,Podgorica And All Other Places In Crna G,1.27,Serbia
11,Å abac,2.28,Serbia
12,Smederevo,1.27,Serbia
13,Subotica,2.0,Serbia
14,UÅ¾ice,1.4,Serbia
15,Vladicin Han,0.77,Serbia
16,Vlajkovac,1.18,Serbia
17,Å½. A. P.,3.8,Serbia
18,Zajecar,1.06,Serbia
19,Zrenjanin,1.18,Serbia
20,ÐÐ°Ð»Ð¸ ÐÐ²Ð¾ÑÐ½Ð¸Ðº,1.04,Serbia
1,Victoria,3.71,Seychelles
1,Freetown,1.3,Sierra Leone
1,Singapore,8.05,Singapore
1,BÃ¡novce Nad Bebravou,1.04,Slovakia
2,Banska Birnika,1.82,Slovakia
3,Banska Bystrica,1.3,Slovakia
4,Bratislava,1.4,Slovakia
5,DolnÃ¡ MarikovÃ¡,0.75,Slovakia
6,ÄurÄinÃ¡,0.61,Slovakia
7,Hlohovec,1.13,Slovakia
8,KomÃ¡rno,1.27,Slovakia
9,Kosice,1.27,Slovakia
10,Nitra,1.18,Slovakia
11,Poprad,0.91,Slovakia
12,PreÅ¡ov,1.22,Slovakia
13,PÃºchov,1.18,Slovakia
14,RajeckÃ© Teplice,1.22,Slovakia
15,Spisska Nova Ves,0.82,Slovakia
16,Topolcany,0.94,Slovakia
17,Trencin,1.03,Slovakia
18,Trnava,1.04,Slovakia
19,VyÅ¡kovce Nad IpÄ¾om,0.58,Slovakia
20,Zilina,0.94,Slovakia
21,Zvolen,1.43,Slovakia
1,Benedikt,3.16,Slovenia
2,Bled,2.74,Slovenia
3,Bovec,2.04,Slovenia
4,Celje,1.27,Slovenia
5,DivaÄa,2.28,Slovenia
6,Gornja Radgona,2.28,Slovenia
7,Grosuplje,2.59,Slovenia
8,HoÄe-Slivnica,2.12,Slovenia
9,Jesenice,2.62,Slovenia
10,Kamnik,3.23,Slovenia
11,Koper,2.85,Slovenia
12,Kranj,2.52,Slovenia
13,Kranjska Gora,2.52,Slovenia
14,Krsko,2.18,Slovenia
15,Lendava,2.59,Slovenia
16,Ljubljana,2.65,Slovenia
17,Ljutomer,1.27,Slovenia
18,Maribor,2.52,Slovenia
19,Maribur,5.22,Slovenia
20,MeÅ¾ica,2.03,Slovenia
21,Muretinci,2.59,Slovenia
22,Nova Gorica,2.34,Slovenia
23,Novo Mesto,2.4,Slovenia
24,Piran,2.52,Slovenia
25,PororoÅ¾,3.78,Slovenia
26,PortoroÅ¾,3.78,Slovenia
27,Ptuj,2.59,Slovenia
28,RuÅ¡e,2.52,Slovenia
29,Å enÄur,2.46,Slovenia
30,Skofja Loka,2.52,Slovenia
31,Slovenska Bistrica,3.16,Slovenia
32,Slovenske Konjice,2.52,Slovenia
33,Tolmin,1.89,Slovenia
34,Velenje,1.27,Slovenia
35,Å½iri,1.27,Slovenia
1,Gizo,0.75,Solomon Islands
2,Honiara,4.23,Solomon Islands
1,Mogadishu,1.49,Somalia
1,Cape Town,1.59,South Africa
2,Centurion,1.13,South Africa
3,Durban,1.45,South Africa
4,East London,0.89,South Africa
5,Grahamstown,1.3,South Africa
6,Johannesburg,1.71,South Africa
7,Kleinmond,0.89,South Africa
8,Margate,0.89,South Africa
9,Port Elizabeth,1.43,South Africa
10,Potchefstroom,0.91,South Africa
11,Pretoria,1.5,South Africa
12,Sandton,1.46,South Africa
13,Stellenbosch,1.1,South Africa
1,Adeje,1.45,Spain
2,Aguadulce,3.78,Spain
3,AgÃ¼imes,1.64,Spain
4,Albacete,1.89,Spain
5,AlcalÃ  De Xivert,2.15,Spain
6,AlcÃºdia,3.52,Spain
7,Alicante,3.89,Spain
8,Alpedrete,3.78,Spain
9,Arona,1.27,Spain
10,ARONA (TENERIFE),1.7,Spain
11,Arrecife,2.26,Spain
12,Badajoz,1.27,Spain
13,Barcelona,5.05,Spain
14,Barlovento,1.52,Spain
15,Benidorm,1.34,Spain
16,Bilbao,4.43,Spain
17,Burgos,2.59,Spain
18,Cadiz,1.89,Spain
19,Callosa D'En SarriÃ,npriced,Spain
20,Calp,1.52,Spain
21,CalviÃ,2.52,Spain
22,Calvia (Mallorca),2.98,Spain
23,Canarias,5.05,Spain
24,CastellÃ³ De Rugat,2.52,Spain
25,Castro-Urdiales,2.59,Spain
26,Cesuras,1.27,Spain
27,CÃ³mpeta,1.39,Spain
28,Cordova,3.28,Spain
29,Corunna,3.78,Spain
30,Costa Adeje,3.5,Spain
31,Donostia,2.59,Spain
32,Donostia-San Sebastian,6.48,Spain
33,El Alamillo,3.13,Spain
34,Elche,2.85,Spain
35,Es Castell,4.53,Spain
36,Ferrol,1.4,Spain
37,Finestrat,1.58,Spain
38,Formentera,6.48,Spain
39,Fuengirola,2.52,Spain
40,Getxo,3.16,Spain
41,GijÃ³n,2.34,Spain
42,Girona,1.88,Spain
43,Granada,3.55,Spain
44,Granollers,2.52,Spain
45,Guadalajara,2.59,Spain
46,Guadalix De La Sierra,1.52,Spain
47,Hernani,2.59,Spain
48,Huelva,1.88,Spain
49,Huesca,1.3,Spain
50,Ibiza,6.32,Spain
51,Javea,4.1,Spain
52,L'AlfÃ s Del Pi,npriced,Spain
53,La Florida,3.11,Spain
54,Las Rozas De Madrid,4.53,Spain
55,Los Christianos,1.94,Spain
56,Madrid,3.23,Spain
57,Mahon,4.26,Spain
58,Malaga,2.52,Spain
59,Malgrat De Mar,3.78,Spain
60,Marbella,8.84,Spain
61,Martorell,3.62,Spain
62,Mercadona,0.64,Spain
63,Murcia,4.66,Spain
64,Oiartzun,4.8,Spain
65,Olvera,2.68,Spain
66,Onteniente,3.89,Spain
67,Orellana La Vieja,1.27,Spain
68,Orihuela,2.59,Spain
69,Palma De Mallorca,4.74,Spain
70,Palma Nova,2.85,Spain
71,Palmas De Gran Canaria,3.73,Spain
72,Pamplona,2.59,Spain
73,Pliego,2.59,Spain
74,Ponferrada,1.3,Spain
75,Pontedeume,1.3,Spain
76,Pontevedra,3.89,Spain
77,Port De PollenÃ§a,1.49,Spain
78,Puerto De Mazarron,2.64,Spain
79,Puerto Del Carmen,2.24,Spain
80,Puertollano,2.34,Spain
81,Ribeira,1.28,Spain
82,Roquetas De Mar,3.84,Spain
83,Rubi,1.3,Spain
84,Sagunto,1.82,Spain
85,Salou,2.83,Spain
86,San BartolomÃ© De Tirajana,3.16,Spain
87,San Javier,2.34,Spain
88,Sant Cugat,2.59,Spain
89,Santa Cruz De Tenerife,1.89,Spain
90,Santa Pola,3.73,Spain
91,SantanyÃ­,1.18,Spain
92,Santiago De Compostela,2.32,Spain
93,Segovia,2.59,Spain
94,Sentmenat,1.3,Spain
95,Sevilla,1.89,Spain
96,Seville,1.34,Spain
97,Son Bou,4.53,Spain
98,Talavera De La Reina,1.94,Spain
99,Tarifa,2.52,Spain
100,Tenerife,2.59,Spain
101,Teulada,3.7,Spain
102,Torrejon Del Rey,1.3,Spain
103,Torrent,1.27,Spain
104,Torrevieja,2.24,Spain
105,Torrox,3.16,Spain
106,Turre,2.52,Spain
107,Valencia,5.68,Spain
108,Valladolid,2.59,Spain
109,Vigo,4.14,Spain
110,Vila-seca,1.89,Spain
111,Villablanca,1.27,Spain
112,VILLAJOYOSA,3.64,Spain
113,Villarejo De Fuentes,1.39,Spain
114,Villena,2.98,Spain
115,Zamora,3.17,Spain
116,Zaragoza,3.23,Spain
117,Zarautz,3.78,Spain
1,Colombo,1.42,Sri Lanka
2,"Colombo, Sri Lanka",2.24,Sri Lanka
3,Hikkaduwa,1.67,Sri Lanka
4,Kandy,6.33,Sri Lanka
5,Koggala,3.73,Sri Lanka
6,Marissa,1.49,Sri Lanka
7,Matara,1.39,Sri Lanka
8,Negombo,1.34,Sri Lanka
9,Nuwara Eliya,5.96,Sri Lanka
1,Khartoum,0.77,Sudan
2,Reno,1.0,Sudan
1,Paramaribo,1.12,Suriname
1,Mbabane,1.22,Swaziland
1,Ãngelholm,4.47,Sweden
2,Ãngelholm Municipality,5.05,Sweden
3,Arlanda,11.0,Sweden
4,BorÃ¥s,7.27,Sweden
5,Emmaboda,5.05,Sweden
6,Essunga Municipality,5.38,Sweden
7,Goteborg,3.78,Sweden
8,Gothenburg,8.94,Sweden
9,Halmstad,6.71,Sweden
10,Helsingborg,1.27,Sweden
11,Hudiksvall,5.05,Sweden
12,JÃ¶nkÃ¶ping,8.94,Sweden
13,Karlstad,7.36,Sweden
14,LidkÃ¶ping Municipality,7.57,Sweden
15,LinkÃ¶ping,7.33,Sweden
16,Lund,5.8,Sweden
17,Malmo,7.57,Sweden
18,NorrkÃ¶ping,8.15,Sweden
19,Nykoping,8.94,Sweden
20,Ãrebro,7.45,Sweden
21,Ãrebro County,7.45,Sweden
22,Sandviken,9.69,Sweden
23,Skara,6.32,Sweden
24,Solna,4.47,Sweden
25,Stockholm,7.45,Sweden
26,Stockholm City,8.94,Sweden
27,Sundbyberg,6.26,Sweden
28,Sundsvall,7.45,Sweden
29,Trollhattan,5.23,Sweden
30,Uppsala,7.78,Sweden
31,Varberg,9.69,Sweden
32,VÃ¤sterÃ¥s,8.85,Sweden
33,VÃ¤sterÃ¥s Municipality,11.92,Sweden
1,Bagnes,8.94,Switzerland
2,Basel,6.91,Switzerland
3,Bern,8.94,Switzerland
4,Burgdorf,3.84,Switzerland
5,Davos,3.95,Switzerland
6,Delemont,3.5,Switzerland
7,Eiken,4.57,Switzerland
8,Frauenfeld,1.12,Switzerland
9,Fribourg,4.04,Switzerland
10,Geneva,8.84,Switzerland
11,GenÃ¨ve,6.33,Switzerland
12,Interlaken,8.94,Switzerland
13,Intragna,4.69,Switzerland
14,La Chaux-de-Fonds,4.86,Switzerland
15,Laax,5.05,Switzerland
16,Lachen,8.14,Switzerland
17,Lausanne,9.46,Switzerland
18,Lucerne,7.15,Switzerland
19,Lugano,6.33,Switzerland
20,Luzern,4.34,Switzerland
21,Montreux,7.81,Switzerland
22,Moutier,3.41,Switzerland
23,Rolle,11.1,Switzerland
24,Saas Fee,7.45,Switzerland
25,Schaffhausen,5.9,Switzerland
26,Sion,7.97,Switzerland
27,St Gallen,5.1,Switzerland
28,St Moritz,5.74,Switzerland
29,UrnÃ¤sch,3.4,Switzerland
30,Verbier,6.71,Switzerland
31,Villars,11.18,Switzerland
32,Wetzikon,11.67,Switzerland
33,Winterthur,5.27,Switzerland
34,Zermatt,6.79,Switzerland
35,Zug,4.92,Switzerland
36,Zurich,7.66,Switzerland
1,Dimashq,1.53,Syria
1,Dushanbe,0.6,Tadjikistan
2,Khujand,0.43,Tadjikistan
1,Kaohsiung,1.59,Taiwan
2,Taichung City,3.71,Taiwan
3,Taipei City,4.48,Taiwan
1,Arusha,1.5,Tanzania
2,Dar Es Salaam,1.04,Tanzania
3,Moshi,2.0,Tanzania
4,Mwanza,1.31,Tanzania
5,Paje,2.59,Tanzania
6,Zanzibar Town,1.58,Tanzania
1,Bangkok,2.86,Thailand
2,Buri Ram,2.09,Thailand
3,Chachoengsao,2.28,Thailand
4,Chiang Mai,1.49,Thailand
5,Hua Hin,1.58,Thailand
6,Karon Beach,2.09,Thailand
7,Ko Pha-ngan,1.27,Thailand
8,Koh Phangan,1.79,Thailand
9,Koh Samui,1.46,Thailand
10,Krabi,2.09,Thailand
11,Pa Tong,4.47,Thailand
12,Pattaya,2.46,Thailand
13,Phitsanulok,1.82,Thailand
14,Phuket,3.5,Thailand
15,Rayong,1.12,Thailand
16,Saladan,2.59,Thailand
17,Surasak,1.49,Thailand
18,Surin,1.49,Thailand
19,Udon Thani,1.3,Thailand
1,Lome,1.27,Togo
1,Neiafu,2.25,Tonga
2,Nuku'alofa,npriced,Tonga
1,Couva,2.68,Trinidad and Tobago
2,Point Fortin,0.75,Trinidad and Tobago
3,Port Of Spain,1.56,Trinidad and Tobago
4,Scarborough,2.09,Trinidad and Tobago
5,St Joseph,1.19,Trinidad and Tobago
1,Dar Drack,2.98,Tunisia
2,Hammam Susah,3.95,Tunisia
3,Hammamet,1.27,Tunisia
4,Monastir,1.64,Tunisia
5,Nabeul,2.97,Tunisia
6,Port El Kantau,3.95,Tunisia
7,Sfax,0.64,Tunisia
8,Sidi Bouzid,4.44,Tunisia
9,Sousse,1.42,Tunisia
10,Tunis,3.53,Tunisia
11,Yasmine Hammamet,3.16,Tunisia
1,İstanbul,2.53,Turkey
2,Akbuk,7.45,Turkey
3,Alanya,2.52,Turkey
4,Altinckum,3.73,Turkey
5,Ankara,3.53,Turkey
6,Antalier,2.52,Turkey
7,Antalya,3.43,Turkey
8,AydÄ±n Province,3.23,Turkey
9,Bitez,3.28,Turkey
10,Bodrum,3.34,Turkey
11,Bursa,3.1,Turkey
12,Dalaman Airport,6.41,Turkey
13,Dalyan,2.89,Turkey
14,Edirne,1.89,Turkey
15,Eskişehir,4.81,Turkey
16,Gaziantep,3.43,Turkey
17,Ä°Ã§meler,2.24,Turkey
18,Istanbul,3.71,Turkey
19,Izmir,1.89,Turkey
20,Kalkan,3.73,Turkey
21,Kayseri,1.89,Turkey
22,Koycegiz,2.94,Turkey
23,Marmaris,2.98,Turkey
24,MuÄla,2.5,Turkey
25,Olu Deniz,2.24,Turkey
26,Oludeniz,3.35,Turkey
27,Side,4.13,Turkey
28,Turunc,3.73,Turkey
29,VARIOUS,7.78,Turkey
1,Ashgabat,3.99,Turkmenistan
1,Cockburn Town,5.1,Turks and Caicos Islands
1,Funafuti,2.77,Tuvalu
1,Jinja,1.31,Uganda
2,Kampala,1.25,Uganda
3,Pader,0.89,Uganda
1,Запорl,0.51,Ukraine
2,Dnepropetrovsk,1.19,Ukraine
3,Donets'k,npriced,Ukraine
4,Feodosiya,0.91,Ukraine
5,Ivano-Frankivsk,0.49,Ukraine
6,Kharkiv,1.64,Ukraine
7,Kharkov,0.67,Ukraine
8,Khmelnitsky,0.67,Ukraine
9,Kiev,1.31,Ukraine
10,Kryvyi Rih,0.48,Ukraine
11,Kyiv,0.89,Ukraine
12,L'viv,npriced,Ukraine
13,Lviv,0.6,Ukraine
14,Melitopol,0.4,Ukraine
15,Nikolayev,0.72,Ukraine
16,Odesa,1.04,Ukraine
17,Odessa,1.01,Ukraine
18,Poltava,0.75,Ukraine
19,Pustomyty,0.67,Ukraine
20,Rivne,0.75,Ukraine
21,Shostka,0.6,Ukraine
22,Ternopil',npriced,Ukraine
23,Ukraine,1.04,Ukraine
24,Uzhgorod,0.46,Ukraine
25,Vinnytsia,0.82,Ukraine
26,Yevpatoriya,0.89,Ukraine
27,Zaporizhzhya,0.37,Ukraine
28,Zaporozhye,0.66,Ukraine
1,Abu Dhabi,7.27,United Arab Emirates
2,Dubai,9.01,United Arab Emirates
3,Sharjah,4.17,United Arab Emirates
1,Albuquerque,4.5,United States
2,Annapolis,4.25,United States
3,Arroyo Grande,3.41,United States
4,Atlanta,5.45,United States
5,Austin,2.99,United States
6,Baltimore,5.01,United States
7,Birmingham,5.01,United States
8,Bloomer,0.91,United States
9,Boise,1.0,United States
10,Boston,6.0,United States
11,Boulder,3.81,United States
12,Bradford,1.5,United States
13,Buffalo,3.5,United States
14,Burbank,6.0,United States
15,Cambridge,3.99,United States
16,Carbondale,1.68,United States
17,Central Point,1.82,United States
18,Champaign,1.65,United States
19,Cherry Hill,2.73,United States
20,Chicago,3.64,United States
21,Cincinnati,5.01,United States
22,Colorado Springs,6.27,United States
23,Columbus,3.99,United States
24,Coshocton,2.5,United States
25,Detroit,2.5,United States
26,Disney World FL,8.49,United States
27,Ditnietis,3.78,United States
28,Flagstaff,4.5,United States
29,Fort Collins,2.76,United States
30,Fort Mill,1.36,United States
31,Frederick,3.99,United States
32,Glendale,2.73,United States
33,Golden,1.12,United States
34,Grand Forks,2.26,United States
35,Grand Rapids,2.5,United States
36,Greeley,4.5,United States
37,Guasti,4.56,United States
38,Houston,4.31,United States
39,Jackson,4.08,United States
40,Kellogg ID,4.01,United States
41,Kenosha,3.73,United States
42,Kent Island,1.04,United States
43,Laguna Niguel,5.01,United States
44,Las Vegas,7.66,United States
45,"Lawrence, Ma",3.5,United States
46,Lincoln,3.99,United States
47,Long Beach,4.37,United States
48,Los Angeles,6.0,United States
49,Louisville,4.47,United States
50,Lubbock,3.75,United States
51,Lynchburg,1.68,United States
52,Macon,3.99,United States
53,"Marlborough, MA",4.75,United States
54,Maumee,2.98,United States
55,Memphis,2.06,United States
56,Miami,9.51,United States
57,Miami Beach,7.0,United States
58,Minersville,1.82,United States
59,Minneapolis,5.01,United States
60,Mobile,2.8,United States
61,"Montclair, NJ",2.0,United States
62,"Murphysboro, IL",3.99,United States
63,Nashville,4.35,United States
64,Necedah WI,2.99,United States
65,New Haven,4.59,United States
66,New Orleans,5.07,United States
67,New York,5.9,United States
68,Newton,4.54,United States
69,Norman,1.46,United States
70,Oak Cliff,3.17,United States
71,Oakland,6.0,United States
72,Odessa,0.91,United States
73,Omaha,2.25,United States
74,Orange,5.01,United States
75,Orlando,5.75,United States
76,Ottowa,2.68,United States
77,Palm Harbor,1.8,United States
78,Philadelphia,3.5,United States
79,Pittsburgh,3.86,United States
80,Portland,4.75,United States
81,Portland Maine,2.0,United States
82,Providence,2.26,United States
83,Raleigh,4.54,United States
84,Reno,5.01,United States
85,Riverside,9.51,United States
86,"Rochester, NY",3.5,United States
87,Rome,2.25,United States
88,Saint Louis,1.74,United States
89,"Salem, OR",3.99,United States
90,Salem/Dallas,1.74,United States
91,Salt Lake City,2.26,United States
92,San Antonio,3.99,United States
93,San Bernardino,2.99,United States
94,San Diego,7.51,United States
95,San Francisco,7.36,United States
96,Santa Monica,3.64,United States
97,Scottsdale,7.0,United States
98,Seattle,6.36,United States
99,Sharpsville,1.13,United States
100,Spring,3.75,United States
101,St Louis,2.0,United States
102,St. Louis,3.17,United States
103,Stillwater,1.82,United States
104,Syracuse,6.0,United States
105,Tallahassee,3.5,United States
106,Tampa,3.4,United States
107,Traverse City,3.86,United States
108,Warrensburg,2.24,United States
109,Washonhton Dc,6.36,United States
110,West Palm Beach,4.54,United States
111,Whitefish,2.0,United States
112,Williamsport,2.04,United States
113,Yosemite Valley,1.5,United States
1,Montevideo,2.35,Uruguay
1,Charlotte Amalie,2.24,US Virgin Islands
1,Samarkand,1.49,Uzbekistan
2,Tashkent,1.12,Uzbekistan
1,Port Vila,3.65,Vanuatu
1,Vatican City,5.71,Vatican City
1,Caracas,0.88,Venezuela
2,Maracaibo,1.18,Venezuela
3,Maracay,0.4,Venezuela
1,Da Nang,0.69,Vietnam
2,Hanoi,0.6,Vietnam
3,Ho Chi Mingh,0.89,Vietnam
4,Ho Chi Minh,0.75,Vietnam
5,Ho Chi Minh City,0.75,Vietnam
6,Hoi An,0.27,Vietnam
7,Kien Giang,0.91,Vietnam
8,Nha Trang,0.75,Vietnam
9,Phan Thiet,0.16,Vietnam
10,Tp. Há»i An,0.75,Vietnam
11,Vietnam,1.34,Vietnam
12,Vung Tau,0.97,Vietnam
1,Aden,2.58,Yemen
2,Sana'a,npriced,Yemen
1,Livingstone,0.06,Zambia
2,Lusaka,1.5,Zambia
3,Petauke,0.91,Zambia
4,Solwezi,1.4,Zambia
1,Bulawayo,1.13,Zimbabwe
2,Harare,1.49,Zimbabwe
