City	URL
Kabul	 https://www.expatistan.com/cost-of-living/kabul
Tirana	 https://www.expatistan.com/cost-of-living/tirana
Algiers	 https://www.expatistan.com/cost-of-living/algiers
Buenos Aires	 https://www.expatistan.com/cost-of-living/buenos-aires
San Juan	 https://www.expatistan.com/cost-of-living/san-juan-argentina
Santa Rosa	 https://www.expatistan.com/cost-of-living/santa-rosa
Yerevan	 https://www.expatistan.com/cost-of-living/yerevan
Adelaide	 https://www.expatistan.com/cost-of-living/adelaide
Brisbane	 https://www.expatistan.com/cost-of-living/brisbane
Canberra	 https://www.expatistan.com/cost-of-living/canberra
Darwin	 https://www.expatistan.com/cost-of-living/darwin
Gold Coast	 https://www.expatistan.com/cost-of-living/gold-coast
Hobart	 https://www.expatistan.com/cost-of-living/hobart
Melbourne	 https://www.expatistan.com/cost-of-living/melbourne
Newcastle	 https://www.expatistan.com/cost-of-living/newcastle-australia
Perth	 https://www.expatistan.com/cost-of-living/perth-australia
Sydney	 https://www.expatistan.com/cost-of-living/sydney
Graz	 https://www.expatistan.com/cost-of-living/graz
Salzburg	 https://www.expatistan.com/cost-of-living/salzburg
Vienna	 https://www.expatistan.com/cost-of-living/vienna
Baku	 https://www.expatistan.com/cost-of-living/baku
Nassau	 https://www.expatistan.com/cost-of-living/nassau
Manama	 https://www.expatistan.com/cost-of-living/manama
Chittagong	 https://www.expatistan.com/cost-of-living/chittagong
Dhaka	 https://www.expatistan.com/cost-of-living/dhaka
Minsk	 https://www.expatistan.com/cost-of-living/minsk
Antwerp	 https://www.expatistan.com/cost-of-living/antwerp
Brussels	 https://www.expatistan.com/cost-of-living/brussels
Leuven	 https://www.expatistan.com/cost-of-living/leuven
Hamilton	 https://www.expatistan.com/cost-of-living/hamilton-bermuda
La Paz	 https://www.expatistan.com/cost-of-living/la-paz-bolivia
Banja Luka	 https://www.expatistan.com/cost-of-living/banja-luka
Sarajevo	 https://www.expatistan.com/cost-of-living/sarajevo
Gaborone	 https://www.expatistan.com/cost-of-living/gaborone
Belo Horizonte	 https://www.expatistan.com/cost-of-living/belo-horizonte
Campinas	 https://www.expatistan.com/cost-of-living/campinas
Curitiba	 https://www.expatistan.com/cost-of-living/curitiba
Florianopolis	 https://www.expatistan.com/cost-of-living/florianopolis
Fortaleza	 https://www.expatistan.com/cost-of-living/fortaleza
Natal	 https://www.expatistan.com/cost-of-living/natal
Porto Alegre	 https://www.expatistan.com/cost-of-living/porto-alegre
Recife	 https://www.expatistan.com/cost-of-living/recife
Rio de Janeiro	 https://www.expatistan.com/cost-of-living/rio-de-janeiro
Salvador	 https://www.expatistan.com/cost-of-living/salvador
Burgas	 https://www.expatistan.com/cost-of-living/burgas
Plovdiv	 https://www.expatistan.com/cost-of-living/plovdiv
Sofia	 https://www.expatistan.com/cost-of-living/sofia
Varna	 https://www.expatistan.com/cost-of-living/varna
Phnom Penh	 https://www.expatistan.com/cost-of-living/phnom-penh
Calgary	 https://www.expatistan.com/cost-of-living/calgary
Edmonton	 https://www.expatistan.com/cost-of-living/edmonton
Guelph	 https://www.expatistan.com/cost-of-living/guelph
Halifax	 https://www.expatistan.com/cost-of-living/halifax
Hamilton	 https://www.expatistan.com/cost-of-living/hamilton-canada
Kelowna	 https://www.expatistan.com/cost-of-living/kelowna
Kingston	 https://www.expatistan.com/cost-of-living/kingston-canada
Mississauga	 https://www.expatistan.com/cost-of-living/mississauga
Montreal	 https://www.expatistan.com/cost-of-living/montreal
Ottawa	 https://www.expatistan.com/cost-of-living/ottawa
Quebec City	 https://www.expatistan.com/cost-of-living/quebec-city
Regina	 https://www.expatistan.com/cost-of-living/regina
Saskatoon	 https://www.expatistan.com/cost-of-living/saskatoon
Toronto	 https://www.expatistan.com/cost-of-living/toronto
Vancouver	 https://www.expatistan.com/cost-of-living/vancouver
Victoria	 https://www.expatistan.com/cost-of-living/victoria-canada
Windsor	 https://www.expatistan.com/cost-of-living/windsor
Winnipeg	 https://www.expatistan.com/cost-of-living/winnipeg
Santiago	 https://www.expatistan.com/cost-of-living/santiago-chile
Beijing	 https://www.expatistan.com/cost-of-living/beijing
Chengdu	 https://www.expatistan.com/cost-of-living/chengdu
Guangzhou	 https://www.expatistan.com/cost-of-living/guangzhou
Hangzhou	 https://www.expatistan.com/cost-of-living/hangzhou
Shanghai	 https://www.expatistan.com/cost-of-living/shanghai
Shenzhen	 https://www.expatistan.com/cost-of-living/shenzhen
Wuhan	 https://www.expatistan.com/cost-of-living/wuhan
Barranquilla	 https://www.expatistan.com/cost-of-living/barranquilla
Bucaramanga	 https://www.expatistan.com/cost-of-living/bucaramanga
Dubrovnik	 https://www.expatistan.com/cost-of-living/dubrovnik
Osijek	 https://www.expatistan.com/cost-of-living/osijek
Rijeka	 https://www.expatistan.com/cost-of-living/rijeka
Split	 https://www.expatistan.com/cost-of-living/split
Zadar	 https://www.expatistan.com/cost-of-living/zadar
Zagreb	 https://www.expatistan.com/cost-of-living/zagreb-croatia
Havana	 https://www.expatistan.com/cost-of-living/havana
Santa Clara	 https://www.expatistan.com/cost-of-living/santa-clara
Larnaca	 https://www.expatistan.com/cost-of-living/larnaca
Limassol	 https://www.expatistan.com/cost-of-living/limassol
Nicosia	 https://www.expatistan.com/cost-of-living/nicosia
Brno	 https://www.expatistan.com/cost-of-living/brno
Olomouc	 https://www.expatistan.com/cost-of-living/olomouc
Ostrava	 https://www.expatistan.com/cost-of-living/ostrava
Prague	 https://www.expatistan.com/cost-of-living/prague
Aalborg	 https://www.expatistan.com/cost-of-living/aalborg
Copenhagen	 https://www.expatistan.com/cost-of-living/copenhagen
Odense	 https://www.expatistan.com/cost-of-living/odense
Santo Domingo	 https://www.expatistan.com/cost-of-living/santo-domingo
Cuenca	 https://www.expatistan.com/cost-of-living/cuenca
Guayaquil	 https://www.expatistan.com/cost-of-living/guayaquil
Quito	 https://www.expatistan.com/cost-of-living/quito
Alexandria	 https://www.expatistan.com/cost-of-living/alexandria
Cairo	 https://www.expatistan.com/cost-of-living/cairo
San Salvador	 https://www.expatistan.com/cost-of-living/san-salvador
Tallinn	 https://www.expatistan.com/cost-of-living/tallinn
Tartu	 https://www.expatistan.com/cost-of-living/tartu
Addis Ababa	 https://www.expatistan.com/cost-of-living/addis-ababa
Suva	 https://www.expatistan.com/cost-of-living/suva-fiji
Helsinki	 https://www.expatistan.com/cost-of-living/helsinki
Oulu	 https://www.expatistan.com/cost-of-living/oulu
Tampere	 https://www.expatistan.com/cost-of-living/tampere
Turku	 https://www.expatistan.com/cost-of-living/turku
Grenoble	 https://www.expatistan.com/cost-of-living/grenoble
Lille	 https://www.expatistan.com/cost-of-living/lille
Lyon	 https://www.expatistan.com/cost-of-living/lyon
Marseille	 https://www.expatistan.com/cost-of-living/marseille
Montpellier	 https://www.expatistan.com/cost-of-living/montpellier
Nantes	 https://www.expatistan.com/cost-of-living/nantes
Nice	 https://www.expatistan.com/cost-of-living/nice
Paris	 https://www.expatistan.com/cost-of-living/paris
Rennes	 https://www.expatistan.com/cost-of-living/rennes
Strasbourg	 https://www.expatistan.com/cost-of-living/strasbourg
Toulouse	 https://www.expatistan.com/cost-of-living/toulouse
Batumi	 https://www.expatistan.com/cost-of-living/batumi
Tbilisi	 https://www.expatistan.com/cost-of-living/tbilisi
Augsburg	 https://www.expatistan.com/cost-of-living/augsburg
Berlin	 https://www.expatistan.com/cost-of-living/berlin
Bonn	 https://www.expatistan.com/cost-of-living/bonn
Bremen	 https://www.expatistan.com/cost-of-living/bremen
Cologne	 https://www.expatistan.com/cost-of-living/cologne
Darmstadt	 https://www.expatistan.com/cost-of-living/darmstadt
Dortmund	 https://www.expatistan.com/cost-of-living/dortmund
Dresden	 https://www.expatistan.com/cost-of-living/dresden
Essen	 https://www.expatistan.com/cost-of-living/essen
Hamburg	 https://www.expatistan.com/cost-of-living/hamburg
Hanover	 https://www.expatistan.com/cost-of-living/hanover
Heidelberg	 https://www.expatistan.com/cost-of-living/heidelberg
Karlsruhe	 https://www.expatistan.com/cost-of-living/karlsruhe
Leipzig	 https://www.expatistan.com/cost-of-living/leipzig
Mannheim	 https://www.expatistan.com/cost-of-living/mannheim
Munich	 https://www.expatistan.com/cost-of-living/munich
Nuremberg	 https://www.expatistan.com/cost-of-living/nuremberg
Stuttgart	 https://www.expatistan.com/cost-of-living/stuttgart
Accra	 https://www.expatistan.com/cost-of-living/accra
Athens	 https://www.expatistan.com/cost-of-living/athens-greece
Heraklion	 https://www.expatistan.com/cost-of-living/heraklion
Patras	 https://www.expatistan.com/cost-of-living/patras
Thessaloniki	 https://www.expatistan.com/cost-of-living/thessaloniki
Guatemala City	 https://www.expatistan.com/cost-of-living/new-guatemala
Hong Kong	 https://www.expatistan.com/cost-of-living/country/hong-kong
Hong Kong	 https://www.expatistan.com/cost-of-living/hong-kong
Budapest	 https://www.expatistan.com/cost-of-living/budapest
Debrecen	 https://www.expatistan.com/cost-of-living/debrecen
Szeged	 https://www.expatistan.com/cost-of-living/szeged
Reykjavik	 https://www.expatistan.com/cost-of-living/reykjavik
Ahmedabad	 https://www.expatistan.com/cost-of-living/ahmedabad
Bangalore	 https://www.expatistan.com/cost-of-living/bangalore
Bhopal	 https://www.expatistan.com/cost-of-living/bhopal
Bhubaneswar	 https://www.expatistan.com/cost-of-living/bhubaneswar
Chandigarh	 https://www.expatistan.com/cost-of-living/chandigarh
Coimbatore	 https://www.expatistan.com/cost-of-living/coimbatore
Delhi	 https://www.expatistan.com/cost-of-living/delhi
Ghaziabad	 https://www.expatistan.com/cost-of-living/ghaziabad
Gurgaon	 https://www.expatistan.com/cost-of-living/gurgaon
Guwahati	 https://www.expatistan.com/cost-of-living/guwahati
Indore	 https://www.expatistan.com/cost-of-living/indore
Jaipur	 https://www.expatistan.com/cost-of-living/jaipur-india
Kochi	 https://www.expatistan.com/cost-of-living/kochi-india
Kolkata	 https://www.expatistan.com/cost-of-living/kolkata
Madurai	 https://www.expatistan.com/cost-of-living/madurai
Mumbai	 https://www.expatistan.com/cost-of-living/mumbai
Mysore	 https://www.expatistan.com/cost-of-living/mysore
Nagpur	 https://www.expatistan.com/cost-of-living/nagpur
Patna	 https://www.expatistan.com/cost-of-living/patna
Pune	 https://www.expatistan.com/cost-of-living/pune
Raipur	 https://www.expatistan.com/cost-of-living/raipur
Rajkot	 https://www.expatistan.com/cost-of-living/rajkot
Ranchi	 https://www.expatistan.com/cost-of-living/ranchi
Salem	 https://www.expatistan.com/cost-of-living/salem
Surat	 https://www.expatistan.com/cost-of-living/surat-india
Thane	 https://www.expatistan.com/cost-of-living/thane
Thiruvananthapuram	 https://www.expatistan.com/cost-of-living/thiruvananthapuram
Vadodara	 https://www.expatistan.com/cost-of-living/vadodara
Vijayawada	 https://www.expatistan.com/cost-of-living/vijayawada
Visakhapatnam	 https://www.expatistan.com/cost-of-living/visakhapatnam
Bandung	 https://www.expatistan.com/cost-of-living/bandung
Jakarta	 https://www.expatistan.com/cost-of-living/jakarta
Surabaya	 https://www.expatistan.com/cost-of-living/surabaya
Yogyakarta	 https://www.expatistan.com/cost-of-living/yogyakarta
Tehran	 https://www.expatistan.com/cost-of-living/tehran
Baghdad	 https://www.expatistan.com/cost-of-living/baghdad
Cork	 https://www.expatistan.com/cost-of-living/cork
Dublin	 https://www.expatistan.com/cost-of-living/dublin
Galway	 https://www.expatistan.com/cost-of-living/galway
Limerick	 https://www.expatistan.com/cost-of-living/limerick
Haifa	 https://www.expatistan.com/cost-of-living/haifa
Jerusalem	 https://www.expatistan.com/cost-of-living/jerusalem
Bari	 https://www.expatistan.com/cost-of-living/bari
Bergamo	 https://www.expatistan.com/cost-of-living/bergamo
Bologna	 https://www.expatistan.com/cost-of-living/bologna
Brescia	 https://www.expatistan.com/cost-of-living/brescia
Cagliari	 https://www.expatistan.com/cost-of-living/cagliari
Catania	 https://www.expatistan.com/cost-of-living/catania
Florence	 https://www.expatistan.com/cost-of-living/florence
Genoa	 https://www.expatistan.com/cost-of-living/genoa
Milan	 https://www.expatistan.com/cost-of-living/milan
Naples	 https://www.expatistan.com/cost-of-living/naples
Palermo	 https://www.expatistan.com/cost-of-living/palermo
Parma	 https://www.expatistan.com/cost-of-living/parma
Rome	 https://www.expatistan.com/cost-of-living/rome
Trieste	 https://www.expatistan.com/cost-of-living/trieste
Turin	 https://www.expatistan.com/cost-of-living/turin
Verona	 https://www.expatistan.com/cost-of-living/verona
Abidjan	 https://www.expatistan.com/cost-of-living/abidjan
Kingston	 https://www.expatistan.com/cost-of-living/kingston-jamaica
Kochi	 https://www.expatistan.com/cost-of-living/kochi-japan
Nagoya	 https://www.expatistan.com/cost-of-living/nagoya
Osaka	 https://www.expatistan.com/cost-of-living/osaka
Tokyo	 https://www.expatistan.com/cost-of-living/tokyo
Amman	 https://www.expatistan.com/cost-of-living/amman
Almaty	 https://www.expatistan.com/cost-of-living/almaty
Nairobi	 https://www.expatistan.com/cost-of-living/nairobi
Kuwait City	 https://www.expatistan.com/cost-of-living/kuwait
Bishkek	 https://www.expatistan.com/cost-of-living/bishkek
Riga	 https://www.expatistan.com/cost-of-living/riga
Beirut	 https://www.expatistan.com/cost-of-living/beirut
Kaunas	 https://www.expatistan.com/cost-of-living/kaunas
Vilnius	 https://www.expatistan.com/cost-of-living/vilnius
Luxembourg	 https://www.expatistan.com/cost-of-living/country/luxembourg
Luxembourg	 https://www.expatistan.com/cost-of-living/luxembourg
Macao	 https://www.expatistan.com/cost-of-living/country/macao
Macao	 https://www.expatistan.com/cost-of-living/macao
Skopje	 https://www.expatistan.com/cost-of-living/skopje
Johor Bahru	 https://www.expatistan.com/cost-of-living/johor-bahru
Kuala Lumpur	 https://www.expatistan.com/cost-of-living/kuala-lumpur
Petaling Jaya	 https://www.expatistan.com/cost-of-living/petaling-jaya
Valletta	 https://www.expatistan.com/cost-of-living/valletta
Aguascalientes	 https://www.expatistan.com/cost-of-living/aguascalientes
Guadalajara	 https://www.expatistan.com/cost-of-living/guadalajara
La Paz	 https://www.expatistan.com/cost-of-living/la-paz-mexico
Mexico City	 https://www.expatistan.com/cost-of-living/mexico-city
Monterrey	 https://www.expatistan.com/cost-of-living/monterrey
Puebla	 https://www.expatistan.com/cost-of-living/puebla
Puerto Vallarta	 https://www.expatistan.com/cost-of-living/puerto-vallarta
Queretaro	 https://www.expatistan.com/cost-of-living/queretaro
Tijuana	 https://www.expatistan.com/cost-of-living/tijuana
Zapopan	 https://www.expatistan.com/cost-of-living/zapopan
Podgorica	 https://www.expatistan.com/cost-of-living/podgorica
Agadir	 https://www.expatistan.com/cost-of-living/agadir
Casablanca	 https://www.expatistan.com/cost-of-living/casablanca
Marrakech	 https://www.expatistan.com/cost-of-living/marrakech
Rabat	 https://www.expatistan.com/cost-of-living/rabat
Tangier	 https://www.expatistan.com/cost-of-living/tangier
Maputo	 https://www.expatistan.com/cost-of-living/maputo
Yangon	 https://www.expatistan.com/cost-of-living/yangon
Kathmandu	 https://www.expatistan.com/cost-of-living/kathmandu
Amsterdam	 https://www.expatistan.com/cost-of-living/amsterdam
Eindhoven	 https://www.expatistan.com/cost-of-living/eindhoven
Enschede	 https://www.expatistan.com/cost-of-living/enschede
Groningen	 https://www.expatistan.com/cost-of-living/groningen
Maastricht	 https://www.expatistan.com/cost-of-living/maastricht
Nijmegen	 https://www.expatistan.com/cost-of-living/nijmegen
Rotterdam	 https://www.expatistan.com/cost-of-living/rotterdam
Utrecht	 https://www.expatistan.com/cost-of-living/utrecht
Auckland	 https://www.expatistan.com/cost-of-living/auckland
Christchurch	 https://www.expatistan.com/cost-of-living/christchurch
Dunedin	 https://www.expatistan.com/cost-of-living/dunedin
Hamilton	 https://www.expatistan.com/cost-of-living/hamilton-new-zealand
Wellington	 https://www.expatistan.com/cost-of-living/wellington
Granada	 https://www.expatistan.com/cost-of-living/granada-nicaragua
Lagos	 https://www.expatistan.com/cost-of-living/lagos
Bergen	 https://www.expatistan.com/cost-of-living/bergen
Oslo	 https://www.expatistan.com/cost-of-living/oslo
Stavanger	 https://www.expatistan.com/cost-of-living/stavanger
Trondheim	 https://www.expatistan.com/cost-of-living/trondheim
Muscat	 https://www.expatistan.com/cost-of-living/muscat
Islamabad	 https://www.expatistan.com/cost-of-living/islamabad
Karachi	 https://www.expatistan.com/cost-of-living/karachi
Lahore	 https://www.expatistan.com/cost-of-living/lahore
Peshawar	 https://www.expatistan.com/cost-of-living/peshawar
Rawalpindi	 https://www.expatistan.com/cost-of-living/rawalpindi
Panama City	 https://www.expatistan.com/cost-of-living/panama-city
Lima	 https://www.expatistan.com/cost-of-living/lima
Davao	 https://www.expatistan.com/cost-of-living/davao
Manila	 https://www.expatistan.com/cost-of-living/manila
Santa Cruz	 https://www.expatistan.com/cost-of-living/santa-cruz-philippines
Santiago	 https://www.expatistan.com/cost-of-living/santiago-philippines
Lublin	 https://www.expatistan.com/cost-of-living/lublin
Poznan	 https://www.expatistan.com/cost-of-living/poznan
Szczecin	 https://www.expatistan.com/cost-of-living/szczecin
Warsaw	 https://www.expatistan.com/cost-of-living/warsaw
Aveiro	 https://www.expatistan.com/cost-of-living/aveiro
Braga	 https://www.expatistan.com/cost-of-living/braga
Coimbra	 https://www.expatistan.com/cost-of-living/coimbra
Lisbon	 https://www.expatistan.com/cost-of-living/lisbon
San Juan	 https://www.expatistan.com/cost-of-living/san-juan-puerto-rico
Doha	 https://www.expatistan.com/cost-of-living/doha
Arad	 https://www.expatistan.com/cost-of-living/arad
Brasov	 https://www.expatistan.com/cost-of-living/brasov
Bucharest	 https://www.expatistan.com/cost-of-living/bucharest
Cluj-Napoca	 https://www.expatistan.com/cost-of-living/cluj-napoca
Craiova	 https://www.expatistan.com/cost-of-living/craiova
Iasi	 https://www.expatistan.com/cost-of-living/iasi
Oradea	 https://www.expatistan.com/cost-of-living/oradea
Sibiu	 https://www.expatistan.com/cost-of-living/sibiu
Timisoara	 https://www.expatistan.com/cost-of-living/timisoara
Chelyabinsk	 https://www.expatistan.com/cost-of-living/chelyabinsk
Irkutsk	 https://www.expatistan.com/cost-of-living/irkutsk
Izhevsk	 https://www.expatistan.com/cost-of-living/izhevsk
Kaliningrad	 https://www.expatistan.com/cost-of-living/kaliningrad
Krasnodar	 https://www.expatistan.com/cost-of-living/krasnodar
Krasnoyarsk	 https://www.expatistan.com/cost-of-living/krasnoyarsk
Moscow	 https://www.expatistan.com/cost-of-living/moscow
Novosibirsk	 https://www.expatistan.com/cost-of-living/novosibirsk
Omsk	 https://www.expatistan.com/cost-of-living/omsk
Perm	 https://www.expatistan.com/cost-of-living/perm
Saint Petersburg	 https://www.expatistan.com/cost-of-living/saint-petersburg
Samara	 https://www.expatistan.com/cost-of-living/samara
Saratov	 https://www.expatistan.com/cost-of-living/saratov
Tomsk	 https://www.expatistan.com/cost-of-living/tomsk
Ufa	 https://www.expatistan.com/cost-of-living/ufa
Vladivostok	 https://www.expatistan.com/cost-of-living/vladivostok
Volgograd	 https://www.expatistan.com/cost-of-living/volgograd
Voronezh	 https://www.expatistan.com/cost-of-living/voronezh
Yekaterinburg	 https://www.expatistan.com/cost-of-living/yekaterinburg
Kigali	 https://www.expatistan.com/cost-of-living/kigali
Riyadh	 https://www.expatistan.com/cost-of-living/riyadh
Belgrade	 https://www.expatistan.com/cost-of-living/belgrade
Novi Sad	 https://www.expatistan.com/cost-of-living/novi-sad
Singapore	 https://www.expatistan.com/cost-of-living/country/singapore
Singapore	 https://www.expatistan.com/cost-of-living/singapore
Bratislava	 https://www.expatistan.com/cost-of-living/bratislava
Ljubljana	 https://www.expatistan.com/cost-of-living/ljubljana
Maribor	 https://www.expatistan.com/cost-of-living/maribor
Cape Town	 https://www.expatistan.com/cost-of-living/cape-town
Durban	 https://www.expatistan.com/cost-of-living/durban
Johannesburg	 https://www.expatistan.com/cost-of-living/johannesburg
Newcastle	 https://www.expatistan.com/cost-of-living/newcastle-south-africa
Pretoria	 https://www.expatistan.com/cost-of-living/pretoria
Seoul	 https://www.expatistan.com/cost-of-living/seoul
Alicante	 https://www.expatistan.com/cost-of-living/alicante
Barcelona	 https://www.expatistan.com/cost-of-living/barcelona-spain
Bilbao	 https://www.expatistan.com/cost-of-living/bilbao
Granada	 https://www.expatistan.com/cost-of-living/granada-spain
Madrid	 https://www.expatistan.com/cost-of-living/madrid
Malaga	 https://www.expatistan.com/cost-of-living/malaga
Murcia	 https://www.expatistan.com/cost-of-living/murcia
Palma de Mallorca	 https://www.expatistan.com/cost-of-living/palma-de-mallorca
Santa Cruz de Tenerife	 https://www.expatistan.com/cost-of-living/santa-cruz-de-tenerife
Valencia	 https://www.expatistan.com/cost-of-living/valencia-spain
Colombo	 https://www.expatistan.com/cost-of-living/colombo
Paramaribo	 https://www.expatistan.com/cost-of-living/paramaribo
Gothenburg	 https://www.expatistan.com/cost-of-living/gothenburg
Malmo	 https://www.expatistan.com/cost-of-living/malmo
Stockholm	 https://www.expatistan.com/cost-of-living/stockholm
Uppsala	 https://www.expatistan.com/cost-of-living/uppsala
Basel	 https://www.expatistan.com/cost-of-living/basel
Bern	 https://www.expatistan.com/cost-of-living/bern
Geneva	 https://www.expatistan.com/cost-of-living/geneva
Lausanne	 https://www.expatistan.com/cost-of-living/lausanne
Lugano	 https://www.expatistan.com/cost-of-living/lugano
Zurich	 https://www.expatistan.com/cost-of-living/zurich
Damascus	 https://www.expatistan.com/cost-of-living/damascus
Taipei	 https://www.expatistan.com/cost-of-living/taipei
Dar es Salaam	 https://www.expatistan.com/cost-of-living/dar-es-salaam
Bangkok	 https://www.expatistan.com/cost-of-living/bangkok
Chiang Mai	 https://www.expatistan.com/cost-of-living/chiang-mai
Pattaya	 https://www.expatistan.com/cost-of-living/pattaya
Phuket	 https://www.expatistan.com/cost-of-living/phuket
Port of Spain	 https://www.expatistan.com/cost-of-living/port-of-spain
Tunis	 https://www.expatistan.com/cost-of-living/tunis
Ankara	 https://www.expatistan.com/cost-of-living/ankara
Antalya	 https://www.expatistan.com/cost-of-living/antalya
Bursa	 https://www.expatistan.com/cost-of-living/bursa
Istanbul	 https://www.expatistan.com/cost-of-living/istanbul
Kampala	 https://www.expatistan.com/cost-of-living/kampala
Dnipro	 https://www.expatistan.com/cost-of-living/dnipro
Kharkiv	 https://www.expatistan.com/cost-of-living/kharkiv
Lviv	 https://www.expatistan.com/cost-of-living/lviv
Sumy	 https://www.expatistan.com/cost-of-living/sumy
Ternopil	 https://www.expatistan.com/cost-of-living/ternopil
Zaporizhzhya	 https://www.expatistan.com/cost-of-living/zaporizhzhya
Abu Dhabi	 https://www.expatistan.com/cost-of-living/abu-dhabi
Al Ain	 https://www.expatistan.com/cost-of-living/al-ain
Dubai	 https://www.expatistan.com/cost-of-living/dubai
Sharjah	 https://www.expatistan.com/cost-of-living/sharjah
Aberdeen	 https://www.expatistan.com/cost-of-living/aberdeen
Belfast	 https://www.expatistan.com/cost-of-living/belfast
Birmingham	 https://www.expatistan.com/cost-of-living/birmingham-united-kingdom
Bristol	 https://www.expatistan.com/cost-of-living/bristol
Cambridge	 https://www.expatistan.com/cost-of-living/cambridge
Cardiff	 https://www.expatistan.com/cost-of-living/cardiff
Coventry	 https://www.expatistan.com/cost-of-living/coventry
Dundee	 https://www.expatistan.com/cost-of-living/dundee
Edinburgh	 https://www.expatistan.com/cost-of-living/edinburgh
Exeter	 https://www.expatistan.com/cost-of-living/exeter
Glasgow	 https://www.expatistan.com/cost-of-living/glasgow
Kingston upon Hull	 https://www.expatistan.com/cost-of-living/kingston-upon-hull
Leeds	 https://www.expatistan.com/cost-of-living/leeds
Leicester	 https://www.expatistan.com/cost-of-living/leicester
Liverpool	 https://www.expatistan.com/cost-of-living/liverpool
London	 https://www.expatistan.com/cost-of-living/london
Manchester	 https://www.expatistan.com/cost-of-living/manchester
Newcastle upon Tyne	 https://www.expatistan.com/cost-of-living/newcastle-upon-tyne
Norwich	 https://www.expatistan.com/cost-of-living/norwich
Nottingham	 https://www.expatistan.com/cost-of-living/nottingham
Oxford	 https://www.expatistan.com/cost-of-living/oxford
Peterborough	 https://www.expatistan.com/cost-of-living/peterborough
Plymouth	 https://www.expatistan.com/cost-of-living/plymouth
Portsmouth	 https://www.expatistan.com/cost-of-living/portsmouth
Sheffield	 https://www.expatistan.com/cost-of-living/sheffield
Southampton	 https://www.expatistan.com/cost-of-living/southampton
Stoke-on-Trent	 https://www.expatistan.com/cost-of-living/stoke-on-trent
Swansea	 https://www.expatistan.com/cost-of-living/swansea
York	 https://www.expatistan.com/cost-of-living/york
Grand Rapids	 https://www.expatistan.com/cost-of-living/grand-rapids
Montevideo	 https://www.expatistan.com/cost-of-living/montevideo
Tashkent	 https://www.expatistan.com/cost-of-living/tashkent
Barcelona	 https://www.expatistan.com/cost-of-living/barcelona-venezuela
Valencia	 https://www.expatistan.com/cost-of-living/valencia-venezuela
Da Nang	 https://www.expatistan.com/cost-of-living/da-nang
Hanoi	 https://www.expatistan.com/cost-of-living/hanoi
Ho Chi Minh City	 https://www.expatistan.com/cost-of-living/ho-chi-minh-city
Lusaka	 https://www.expatistan.com/cost-of-living/lusaka
Harare	 https://www.expatistan.com/cost-of-living/harare
